kind,dataset,key,quantity,point,ci_low,ci_high,boot_mean,n_students,n_cells,n_rows
path,algebra2005,isotonic,mean_mismatched,0.05964872349217193,0.053857395589827384,0.06645771731985253,0.05986944662532137,114,20,92945
path,algebra2005,isotonic,mean_coherent,0.006669168764223366,0.006396997118993407,0.013653939900319923,0.008335004303327908,114,20,92945
path,algebra2005,isotonic,delta,0.05297955472794856,0.04069564090756361,0.058316466354673115,0.05153444232199346,114,20,92945
path,algebra2005,isotonic,ratio,8.943951727860963,4.026014118525577,9.755026098527606,7.527387309398761,114,20,92945
path,algebra2005,platt,mean_mismatched,0.05375155961722148,0.050643305223224265,0.05718949253406941,0.0539522212414654,114,20,92945
path,algebra2005,platt,mean_coherent,0.012327298424001041,0.011174039050216859,0.017150660485535717,0.013328826598702841,114,20,92945
path,algebra2005,platt,delta,0.04142426119322044,0.0349022829581473,0.04507617248794925,0.04062339464276255,114,20,92945
path,algebra2005,platt,ratio,4.360368165710023,3.0692978874364014,4.959531426139788,4.099452597140633,114,20,92945
path,algebra2005,temperature,mean_mismatched,0.047027702155320796,0.04264392755984354,0.051871598207497434,0.04712348785380289,114,20,92945
path,algebra2005,temperature,mean_coherent,0.01989185473282581,0.014933314603170503,0.028263429286903986,0.020763710402590323,114,20,92945
path,algebra2005,temperature,delta,0.027135847422494985,0.01519773725675787,0.03634197742079946,0.02635977745121256,114,20,92945
path,algebra2005,temperature,ratio,2.3641687910436544,1.5409871325359075,3.412141167430917,2.350536066423384,114,20,92945
ability_group,algebra2005,overall,ece,0.006582488190067242,0.006389466961901525,0.013644608948023837,0.008337701060647974,114,20,91805
ability_group,algebra2005,group0,ece,0.01086553163102312,0.008424086954511563,0.025323428766302194,0.01352355836082527,41,20,91805
ability_group,algebra2005,group1,ece,0.011973903559615114,0.007615561649386058,0.023525882657219343,0.013607417068571919,73,20,91805
ability_group,algebra2005,ratio_low_over_overall,ratio,1.6506724079534012,0.7603267801796348,3.3839688942194917,1.7116568556208906,41,20,91805
path,assist2009,isotonic,mean_mismatched,0.03686419548067459,0.03237064889249372,0.04277724036586325,0.0374408261186499,770,20,52254
path,assist2009,isotonic,mean_coherent,0.012736022916074374,0.008697058258513314,0.02081773468573515,0.013886278429459543,770,20,52254
path,assist2009,isotonic,delta,0.024128172564600217,0.01781667105251652,0.028325743145825696,0.023554547689190356,770,20,52254
path,assist2009,isotonic,ratio,2.8944825023946525,1.9130117676352856,4.076223477242599,2.8129680182570738,770,20,52254
path,assist2009,platt,mean_mismatched,0.029903387695104987,0.025962955454522325,0.03502542890668679,0.03050551575567623,770,20,52254
path,assist2009,platt,mean_coherent,0.013359393040599434,0.009215653801597504,0.021292124246020828,0.014400048001820744,770,20,52254
path,assist2009,platt,delta,0.016543994654505553,0.008921814284022101,0.022550213427987485,0.016105467753855487,770,20,52254
path,assist2009,platt,ratio,2.238379214102621,1.4513502047313325,3.364517219574017,2.2149318505467304,770,20,52254
path,assist2009,temperature,mean_mismatched,0.03148130723988487,0.027918557639687737,0.03662011750447554,0.032147983651784895,770,20,52254
path,assist2009,temperature,mean_coherent,0.01089464602049504,0.01129445183894442,0.015491665162569532,0.012855427369014068,770,20,52254
path,assist2009,temperature,delta,0.02058666121938983,0.013399390150275836,0.023482315743921907,0.019292556282770826,770,20,52254
path,assist2009,temperature,ratio,2.8896126758650205,1.88809106386477,2.9344730022660177,2.518800628535939,770,20,52254
ability_group,assist2009,overall,ece,0.013682246034262366,0.009200356634415915,0.022378748803402838,0.014814588194330534,482,20,45263
ability_group,assist2009,group0,ece,0.04663139115015402,0.0351236407599295,0.06432705326419483,0.048529500951902976,111,20,45263
ability_group,assist2009,group1,ece,0.040272327018132006,0.02183685098195472,0.06555190084315174,0.041875546058720285,109,20,45263
ability_group,assist2009,group2,ece,0.01906771294419409,0.018102982311804884,0.03102063041125303,0.023585305645728322,74,20,45263
ability_group,assist2009,group3,ece,0.00838048178468433,0.009382681906138023,0.01607606803563678,0.011797649108311756,188,20,45263
ability_group,assist2009,ratio_low_over_overall,ratio,3.408167857337321,2.0993744937336034,5.429131999591386,3.424598564109573,111,20,45263
path,assist2012,isotonic,mean_mismatched,0.0021817429369730616,0.0022540648607338957,0.003490084741812639,0.0026936108436136285,5497,20,536087
path,assist2012,isotonic,mean_coherent,0.0021808657910955737,0.0022506550477777087,0.003487601496088835,0.002690890248792873,5497,20,536087
path,assist2012,isotonic,delta,8.771458774878629e-07,-1.7809681855506073e-05,2.2277579066561778e-05,2.720594820755077e-06,5497,20,536087
path,assist2012,isotonic,ratio,1.0004022007594733,0.9931296736872249,1.0086119848940907,1.0010295141763295,5497,20,536087
path,assist2012,platt,mean_mismatched,0.0030246102802443395,0.003059351573731408,0.0040662284138268685,0.003469668990032814,5497,20,536087
path,assist2012,platt,mean_coherent,0.0030245329252856197,0.0030601594379249973,0.004065990266098863,0.0034696340838989456,5497,20,536087
path,assist2012,platt,delta,7.735495871977194e-08,-9.88798142836022e-07,7.343534367162864e-07,3.490613386700381e-08,5497,20,536087
path,assist2012,platt,ratio,1.0000255758362135,0.9997057249882001,1.0002127237210192,1.0000091687869352,5497,20,536087
path,assist2012,temperature,mean_mismatched,0.00673393469429866,0.006473245607901746,0.0076262668998680495,0.006992909378049363,5497,20,536087
path,assist2012,temperature,mean_coherent,0.006733899958002894,0.006473249115532067,0.00762625041428807,0.006992883951913956,5497,20,536087
path,assist2012,temperature,delta,3.473629576599552e-08,-7.33682935540091e-08,1.1733292500735316e-07,2.5426135408429267e-08,5497,20,536087
path,assist2012,temperature,ratio,1.0000051584217144,0.9999898147274615,1.0000167290441517,1.0000036931190155,5497,20,536087
ability_group,assist2012,overall,ece,0.0031155893046945528,0.002709658167556503,0.004621448638068353,0.003456846122078966,3984,20,485730
ability_group,assist2012,group0,ece,0.013762152496922395,0.010374246723516476,0.01813999928940353,0.014113997380600355,908,20,485730
ability_group,assist2012,group1,ece,0.006453490689897914,0.0055010687604954665,0.011832927362474746,0.00797710185291019,476,20,485730
ability_group,assist2012,group2,ece,0.0033853799381149746,0.0032414882434248786,0.006273309476133624,0.0043594030443113475,1377,20,485730
ability_group,assist2012,group3,ece,0.006596647050917584,0.005031968130120832,0.009672460181764573,0.007038587011374011,1223,20,485730
ability_group,assist2012,ratio_low_over_overall,ratio,4.417190826847961,2.959572860718716,5.4508279964435395,4.132162366946557,908,20,485730
path,assist2017,isotonic,mean_mismatched,0.004340739207794046,0.004268351947097874,0.008098668203553495,0.005465343023220747,341,15,177767
path,assist2017,isotonic,mean_coherent,0.004358965824785404,0.00426006258398549,0.008098742034084443,0.005466510185345612,341,15,177767
path,assist2017,isotonic,delta,-1.8226616991358705e-05,-6.525429964937549e-05,5.8439920483628265e-05,-1.1671621248645954e-06,341,15,177767
path,assist2017,isotonic,ratio,0.9958185914448513,0.9876891214445828,1.0116749433830818,0.9998840988645292,341,15,177767
path,assist2017,platt,mean_mismatched,0.005840234385048158,0.005354774357009765,0.00906068611561615,0.006684504725213995,341,15,177767
path,assist2017,platt,mean_coherent,0.005840230935672071,0.005354767385082378,0.009060696353753664,0.006684498114066464,341,15,177767
path,assist2017,platt,delta,3.449376086844813e-09,-2.3610750806779892e-08,3.801321762644197e-08,6.611147530437376e-09,341,15,177767
path,assist2017,platt,ratio,1.0000005906232348,0.9999970368519798,1.0000064360694756,1.0000011717427941,341,15,177767
path,assist2017,temperature,mean_mismatched,0.014560965880936243,0.012068875184522126,0.018322767304085306,0.014890431589895042,341,15,177767
path,assist2017,temperature,mean_coherent,0.014560977243319893,0.012068868644525407,0.018322797418863997,0.014890441260328135,341,15,177767
path,assist2017,temperature,delta,-1.1362383650279084e-08,-4.0255372771302866e-08,2.0502294685066637e-08,-9.670433092325535e-09,341,15,177767
path,assist2017,temperature,ratio,0.9999992196688821,0.9999976063805579,1.0000016198953605,0.9999994358910611,341,15,177767
ability_group,assist2017,overall,ece,0.004516743843906988,0.004382433471069755,0.008123124500690422,0.005558334051249252,340,20,174356
ability_group,assist2017,group0,ece,0.014566086738574794,0.009919813634499682,0.027193780606802293,0.01653307916108278,54,20,174356
ability_group,assist2017,group1,ece,0.018481347577090655,0.011252354558830753,0.026405506881901852,0.018784943299203397,64,20,174356
ability_group,assist2017,group2,ece,0.006219251936609179,0.00606206948955072,0.011463673918990626,0.008196646666262828,117,20,174356
ability_group,assist2017,group3,ece,0.013079700682199774,0.00856756185336655,0.02203059683780664,0.014284715179156552,105,20,174356
ability_group,assist2017,ratio_low_over_overall,ratio,3.224908748859912,1.7528250806187202,4.857374234807131,3.010434116231543,54,20,174356
path,bridge2algebra2006,isotonic,mean_mismatched,0.0030566944211460442,0.002360617808001279,0.006842555124003044,0.0037404818499248505,229,20,352370
path,bridge2algebra2006,isotonic,mean_coherent,0.0030377725934043263,0.002326525287668909,0.006862701978268416,0.0037247262552808492,229,20,352370
path,bridge2algebra2006,isotonic,delta,1.892182774171792e-05,-4.555072327454175e-05,0.00010526674692269346,1.5755594644001527e-05,229,20,352370
path,bridge2algebra2006,isotonic,ratio,1.0062288493163714,0.9868471686316214,1.037100008803511,1.006234416463206,229,20,352370
path,bridge2algebra2006,platt,mean_mismatched,0.003825789461759127,0.0031505819080631437,0.007149859355924024,0.004435664574650706,229,20,352370
path,bridge2algebra2006,platt,mean_coherent,0.0038238372864349895,0.003161752121306182,0.007168841908503632,0.004449090228407999,229,20,352370
path,bridge2algebra2006,platt,delta,1.9521753241375298e-06,-7.265979449761072e-05,4.808987457611281e-05,-1.3425653757293133e-05,229,20,352370
path,bridge2algebra2006,platt,ratio,1.000510527822683,0.9810330740041008,1.0126987014257736,0.9969558676509449,229,20,352370
path,bridge2algebra2006,temperature,mean_mismatched,0.008416371517981667,0.006596871677465481,0.011386263883392568,0.008641353436322254,229,20,352370
path,bridge2algebra2006,temperature,mean_coherent,0.008474984571994566,0.006605215743274384,0.0114736046496396,0.008690191934817484,229,20,352370
path,bridge2algebra2006,temperature,delta,-5.861305401289908e-05,-8.98022064164106e-05,1.8462860583583898e-05,-4.8838498495230984e-05,229,20,352370
path,bridge2algebra2006,temperature,ratio,0.993083992836213,0.9902231161637386,1.0025659435250465,0.9945839141317804,229,20,352370
ability_group,bridge2algebra2006,overall,ece,0.0030499209159765253,0.002332212496046015,0.00688346521116434,0.003729126359283687,223,20,350102
ability_group,bridge2algebra2006,group0,ece,0.007681124046036774,0.005380539589597969,0.019870553810168876,0.010081181578247632,33,20,350102
ability_group,bridge2algebra2006,group1,ece,0.003129262000866323,0.003355052872557128,0.007381512460831037,0.004699219741238364,62,20,350102
ability_group,bridge2algebra2006,group2,ece,0.007681140155944156,0.004688809133208665,0.016052221107199536,0.008754837526517355,40,20,350102
ability_group,bridge2algebra2006,group3,ece,0.005372774396022765,0.0031501111491214905,0.012752970334671748,0.006196042125891301,88,20,350102
ability_group,bridge2algebra2006,ratio_low_over_overall,ratio,2.5184666283641746,1.0038849590984837,6.956767545182281,3.016108403046196,33,20,350102
path,ednet,isotonic,mean_mismatched,0.14419137879809754,0.13446446560487949,0.15658185543682568,0.14501626030003603,937,20,132209
path,ednet,isotonic,mean_coherent,0.013229176935872796,0.010526197338628631,0.028166576461658075,0.015746104175358107,937,20,132209
path,ednet,isotonic,delta,0.13096220186222474,0.11140537363772549,0.14299999512840578,0.12927015612467793,937,20,132209
path,ednet,isotonic,ratio,10.899497338122533,5.041216679752052,13.842214392849264,9.953753814773428,937,20,132209
path,ednet,platt,mean_mismatched,0.1710492229831808,0.16106908020170202,0.1821084555105097,0.17149319350220293,937,20,132209
path,ednet,platt,mean_coherent,0.016709452305699816,0.014714067074111357,0.030300782751442646,0.019176364347176657,937,20,132209
path,ednet,platt,delta,0.15433977067748098,0.13346562876082646,0.16538938970365513,0.15231682915502628,937,20,132209
path,ednet,platt,ratio,10.23667441959385,5.460573205191281,11.866515185843447,9.303136374954105,937,20,132209
path,ednet,temperature,mean_mismatched,0.16364023829116164,0.1538342142730181,0.17397749546107474,0.16397062904203913,937,20,132209
path,ednet,temperature,mean_coherent,0.06559731451161625,0.050818233763600146,0.08059279736850791,0.06547114172289045,937,20,132209
path,ednet,temperature,delta,0.09804292377954539,0.0753149506846264,0.1197098973896297,0.09849948731914866,937,20,132209
path,ednet,temperature,ratio,2.494617950589784,1.9455974903665096,3.3406758466525948,2.545126934690505,937,20,132209
ability_group,ednet,overall,ece,0.0196777979324285,0.012028498214838226,0.03636832406150841,0.021301142511272384,448,20,124621
ability_group,ednet,group0,ece,0.022078748774163173,0.013760968562428472,0.05767783247750438,0.029322027243414317,56,20,124621
ability_group,ednet,group1,ece,0.012884884987963821,0.01212421332361014,0.029712432006266592,0.017076342528777745,153,20,124621
ability_group,ednet,group2,ece,0.04753784120850579,0.021566591863814308,0.07127786798100269,0.045877329177063046,92,20,124621
ability_group,ednet,group3,ece,0.029923168554522355,0.01849267781695377,0.04688050342044238,0.031056547557949257,147,20,124621
ability_group,ednet,ratio_low_over_overall,ratio,1.1220131871451922,0.49302675451313055,4.051421145594028,1.578400344030048,56,20,124621
