dataset,granularity,model,fold,method,ece,best_lambda,n_concepts,n_concepts_fitted,share_rows_with_own_curve,n_test
algebra2005,concept,dkt,0,none,0.009364981241350946,5000.0,111,103,0.9754295558162674,134674
algebra2005,concept,dkt,0,isotonic,0.006374502552161281,5000.0,111,103,0.9754295558162674,134674
algebra2005,concept,dkt,0,concept_aware_lambda0,0.008041183990874926,5000.0,111,103,0.9754295558162674,134674
algebra2005,concept,dkt,0,concept_aware_eb,0.006060098106804418,5000.0,111,103,0.9754295558162674,134674
algebra2005,concept,dkt,0,difficulty_bucket,0.006386039540770847,5000.0,111,103,0.9754295558162674,134674
algebra2005,concept,dkt,1,none,0.005859255565591514,inf,112,102,0.9751473929637495,134674
algebra2005,concept,dkt,1,isotonic,0.005797773175215495,inf,112,102,0.9751473929637495,134674
algebra2005,concept,dkt,1,concept_aware_lambda0,0.007602607106649728,inf,112,102,0.9751473929637495,134674
algebra2005,concept,dkt,1,concept_aware_eb,0.005797773175215495,inf,112,102,0.9751473929637495,134674
algebra2005,concept,dkt,1,difficulty_bucket,0.005893143646770638,inf,112,102,0.9751473929637495,134674
algebra2005,concept,dkt,2,none,0.003852718495234163,inf,111,101,0.9750063115374905,134674
algebra2005,concept,dkt,2,isotonic,0.003559223044118704,inf,111,101,0.9750063115374905,134674
algebra2005,concept,dkt,2,concept_aware_lambda0,0.005057989877569037,inf,111,101,0.9750063115374905,134674
algebra2005,concept,dkt,2,concept_aware_eb,0.003559223044118704,inf,111,101,0.9750063115374905,134674
algebra2005,concept,dkt,2,difficulty_bucket,0.003555839631624844,inf,111,101,0.9750063115374905,134674
algebra2005,concept,dkt,3,none,0.0031618876401500835,5000.0,110,103,0.9754295558162674,134674
algebra2005,concept,dkt,3,isotonic,0.0024850790110504217,5000.0,110,103,0.9754295558162674,134674
algebra2005,concept,dkt,3,concept_aware_lambda0,0.003682170210582791,5000.0,110,103,0.9754295558162674,134674
algebra2005,concept,dkt,3,concept_aware_eb,0.001878602013147755,5000.0,110,103,0.9754295558162674,134674
algebra2005,concept,dkt,3,difficulty_bucket,0.002223127688159031,5000.0,110,103,0.9754295558162674,134674
algebra2005,concept,dkt,4,none,0.00584591754192883,1000.0,110,97,0.9739667641861087,134674
algebra2005,concept,dkt,4,isotonic,0.001642277179860974,1000.0,110,97,0.9739667641861087,134674
algebra2005,concept,dkt,4,concept_aware_lambda0,0.004373637315655681,1000.0,110,97,0.9739667641861087,134674
algebra2005,concept,dkt,4,concept_aware_eb,0.0022039741399758734,1000.0,110,97,0.9739667641861087,134674
algebra2005,concept,dkt,4,difficulty_bucket,0.0017004419521539828,1000.0,110,97,0.9739667641861087,134674
algebra2005,concept,sakt,0,none,0.029569697363122493,100000.0,111,103,0.9754295558162674,134674
algebra2005,concept,sakt,0,isotonic,0.006891794063311692,100000.0,111,103,0.9754295558162674,134674
algebra2005,concept,sakt,0,concept_aware_lambda0,0.008663054550240447,100000.0,111,103,0.9754295558162674,134674
algebra2005,concept,sakt,0,concept_aware_eb,0.006690006438598955,100000.0,111,103,0.9754295558162674,134674
algebra2005,concept,sakt,0,difficulty_bucket,0.006864430285377211,100000.0,111,103,0.9754295558162674,134674
algebra2005,concept,sakt,1,none,0.028000225702417055,100000.0,112,102,0.9751473929637495,134674
algebra2005,concept,sakt,1,isotonic,0.006739174146880218,100000.0,112,102,0.9751473929637495,134674
algebra2005,concept,sakt,1,concept_aware_lambda0,0.007702402211238936,100000.0,112,102,0.9751473929637495,134674
algebra2005,concept,sakt,1,concept_aware_eb,0.006638675262302566,100000.0,112,102,0.9751473929637495,134674
algebra2005,concept,sakt,1,difficulty_bucket,0.0067667853611329985,100000.0,112,102,0.9751473929637495,134674
algebra2005,concept,sakt,2,none,0.02560134505072354,100000.0,111,101,0.9750063115374905,134674
algebra2005,concept,sakt,2,isotonic,0.004430170320748087,100000.0,111,101,0.9750063115374905,134674
algebra2005,concept,sakt,2,concept_aware_lambda0,0.007011555153918013,100000.0,111,101,0.9750063115374905,134674
algebra2005,concept,sakt,2,concept_aware_eb,0.004305718757409249,100000.0,111,101,0.9750063115374905,134674
algebra2005,concept,sakt,2,difficulty_bucket,0.004826571568030304,100000.0,111,101,0.9750063115374905,134674
algebra2005,concept,sakt,3,none,0.02173147501190255,5000.0,110,103,0.9754295558162674,134674
algebra2005,concept,sakt,3,isotonic,0.004150203573869924,5000.0,110,103,0.9754295558162674,134674
algebra2005,concept,sakt,3,concept_aware_lambda0,0.00696863088941583,5000.0,110,103,0.9754295558162674,134674
algebra2005,concept,sakt,3,concept_aware_eb,0.00453744881401056,5000.0,110,103,0.9754295558162674,134674
algebra2005,concept,sakt,3,difficulty_bucket,0.0041560978019550545,5000.0,110,103,0.9754295558162674,134674
algebra2005,concept,sakt,4,none,0.022701903371821045,5000.0,110,97,0.9739667641861087,134674
algebra2005,concept,sakt,4,isotonic,0.0024134632662636585,5000.0,110,97,0.9739667641861087,134674
algebra2005,concept,sakt,4,concept_aware_lambda0,0.004800287913031251,5000.0,110,97,0.9739667641861087,134674
algebra2005,concept,sakt,4,concept_aware_eb,0.002978999782933163,5000.0,110,97,0.9739667641861087,134674
algebra2005,concept,sakt,4,difficulty_bucket,0.002675053393458764,5000.0,110,97,0.9739667641861087,134674
algebra2005,concept,akt,0,none,0.0039346539124985565,inf,111,103,0.9754295558162674,134674
algebra2005,concept,akt,0,isotonic,0.007145737599529506,inf,111,103,0.9754295558162674,134674
algebra2005,concept,akt,0,concept_aware_lambda0,0.0071243878366877575,inf,111,103,0.9754295558162674,134674
algebra2005,concept,akt,0,concept_aware_eb,0.007145737599529506,inf,111,103,0.9754295558162674,134674
algebra2005,concept,akt,0,difficulty_bucket,0.007153622080516004,inf,111,103,0.9754295558162674,134674
algebra2005,concept,akt,1,none,0.0041560290620888595,5000.0,112,102,0.9751473929637495,134674
algebra2005,concept,akt,1,isotonic,0.007085577667282432,5000.0,112,102,0.9751473929637495,134674
algebra2005,concept,akt,1,concept_aware_lambda0,0.007198346988571095,5000.0,112,102,0.9751473929637495,134674
algebra2005,concept,akt,1,concept_aware_eb,0.005724113617560618,5000.0,112,102,0.9751473929637495,134674
algebra2005,concept,akt,1,difficulty_bucket,0.007092299248045946,5000.0,112,102,0.9751473929637495,134674
algebra2005,concept,akt,2,none,0.007056007288520676,inf,111,101,0.9750063115374905,134674
algebra2005,concept,akt,2,isotonic,0.004412116345837776,inf,111,101,0.9750063115374905,134674
algebra2005,concept,akt,2,concept_aware_lambda0,0.005980387391786433,inf,111,101,0.9750063115374905,134674
algebra2005,concept,akt,2,concept_aware_eb,0.004412116345837776,inf,111,101,0.9750063115374905,134674
algebra2005,concept,akt,2,difficulty_bucket,0.004491264627255396,inf,111,101,0.9750063115374905,134674
algebra2005,concept,akt,3,none,0.013500967556552739,100.0,110,103,0.9754295558162674,134674
algebra2005,concept,akt,3,isotonic,0.0022850928274715117,100.0,110,103,0.9754295558162674,134674
algebra2005,concept,akt,3,concept_aware_lambda0,0.003683942900301906,100.0,110,103,0.9754295558162674,134674
algebra2005,concept,akt,3,concept_aware_eb,0.0031542012366927645,100.0,110,103,0.9754295558162674,134674
algebra2005,concept,akt,3,difficulty_bucket,0.002442260739710637,100.0,110,103,0.9754295558162674,134674
algebra2005,concept,akt,4,none,0.0051571082464536774,5000.0,110,97,0.9739667641861087,134674
algebra2005,concept,akt,4,isotonic,0.0028353143052792717,5000.0,110,97,0.9739667641861087,134674
algebra2005,concept,akt,4,concept_aware_lambda0,0.004328452103821229,5000.0,110,97,0.9739667641861087,134674
algebra2005,concept,akt,4,concept_aware_eb,0.0028696707530145005,5000.0,110,97,0.9739667641861087,134674
algebra2005,concept,akt,4,difficulty_bucket,0.0029105470389246438,5000.0,110,97,0.9739667641861087,134674
algebra2005,concept,simplekt,0,none,0.02371641297142935,100000.0,111,103,0.9754295558162674,134674
algebra2005,concept,simplekt,0,isotonic,0.0060080154657046565,100000.0,111,103,0.9754295558162674,134674
algebra2005,concept,simplekt,0,concept_aware_lambda0,0.006409240686251466,100000.0,111,103,0.9754295558162674,134674
algebra2005,concept,simplekt,0,concept_aware_eb,0.00620689368468227,100000.0,111,103,0.9754295558162674,134674
algebra2005,concept,simplekt,0,difficulty_bucket,0.005988020425827093,100000.0,111,103,0.9754295558162674,134674
algebra2005,concept,simplekt,1,none,0.013873042681580124,100.0,112,102,0.9751473929637495,134674
algebra2005,concept,simplekt,1,isotonic,0.007786660841366795,100.0,112,102,0.9751473929637495,134674
algebra2005,concept,simplekt,1,concept_aware_lambda0,0.007218013300949729,100.0,112,102,0.9751473929637495,134674
algebra2005,concept,simplekt,1,concept_aware_eb,0.006609303907444332,100.0,112,102,0.9751473929637495,134674
algebra2005,concept,simplekt,1,difficulty_bucket,0.00780959864821848,100.0,112,102,0.9751473929637495,134674
algebra2005,concept,simplekt,2,none,0.029991370775586768,inf,111,101,0.9750063115374905,134674
algebra2005,concept,simplekt,2,isotonic,0.004149508176530846,inf,111,101,0.9750063115374905,134674
algebra2005,concept,simplekt,2,concept_aware_lambda0,0.006120457534767471,inf,111,101,0.9750063115374905,134674
algebra2005,concept,simplekt,2,concept_aware_eb,0.004149508176530846,inf,111,101,0.9750063115374905,134674
algebra2005,concept,simplekt,2,difficulty_bucket,0.0042769362734174626,inf,111,101,0.9750063115374905,134674
algebra2005,concept,simplekt,3,none,0.029260767805368498,1000.0,110,103,0.9754295558162674,134674
algebra2005,concept,simplekt,3,isotonic,0.003212284394137318,1000.0,110,103,0.9754295558162674,134674
algebra2005,concept,simplekt,3,concept_aware_lambda0,0.005784898648289459,1000.0,110,103,0.9754295558162674,134674
algebra2005,concept,simplekt,3,concept_aware_eb,0.0027392177306197725,1000.0,110,103,0.9754295558162674,134674
algebra2005,concept,simplekt,3,difficulty_bucket,0.0033615883832495506,1000.0,110,103,0.9754295558162674,134674
algebra2005,concept,simplekt,4,none,0.01777508933794809,5000.0,110,97,0.9739667641861087,134674
algebra2005,concept,simplekt,4,isotonic,0.004129153977677696,5000.0,110,97,0.9739667641861087,134674
algebra2005,concept,simplekt,4,concept_aware_lambda0,0.005594994570624211,5000.0,110,97,0.9739667641861087,134674
algebra2005,concept,simplekt,4,concept_aware_eb,0.004354152810710264,5000.0,110,97,0.9739667641861087,134674
algebra2005,concept,simplekt,4,difficulty_bucket,0.004163008113692189,5000.0,110,97,0.9739667641861087,134674
assist2009,concept,dkt,0,none,0.007414167955992682,5000.0,116,92,0.9913575859395193,61904
assist2009,concept,dkt,0,isotonic,0.009417894153766945,5000.0,116,92,0.9913575859395193,61904
assist2009,concept,dkt,0,concept_aware_lambda0,0.015358643491549216,5000.0,116,92,0.9913575859395193,61904
assist2009,concept,dkt,0,concept_aware_eb,0.009815394301984278,5000.0,116,92,0.9913575859395193,61904
assist2009,concept,dkt,0,difficulty_bucket,0.009398755434433564,5000.0,116,92,0.9913575859395193,61904
assist2009,concept,dkt,1,none,0.008644893486503342,5000.0,113,93,0.9899683380718531,61904
assist2009,concept,dkt,1,isotonic,0.012392594600443204,5000.0,113,93,0.9899683380718531,61904
assist2009,concept,dkt,1,concept_aware_lambda0,0.01769666423583928,5000.0,113,93,0.9899683380718531,61904
assist2009,concept,dkt,1,concept_aware_eb,0.013828477588079053,5000.0,113,93,0.9899683380718531,61904
assist2009,concept,dkt,1,difficulty_bucket,0.012390533715712469,5000.0,113,93,0.9899683380718531,61904
assist2009,concept,dkt,2,none,0.010021374641505458,1000.0,118,101,0.9964622641509434,61904
assist2009,concept,dkt,2,isotonic,0.011096229315543556,1000.0,118,101,0.9964622641509434,61904
assist2009,concept,dkt,2,concept_aware_lambda0,0.019550946609975056,1000.0,118,101,0.9964622641509434,61904
assist2009,concept,dkt,2,concept_aware_eb,0.01254198669687619,1000.0,118,101,0.9964622641509434,61904
assist2009,concept,dkt,2,difficulty_bucket,0.011060990005488207,1000.0,118,101,0.9964622641509434,61904
assist2009,concept,dkt,3,none,0.0070721255327803705,5000.0,117,98,0.9943783923494443,61904
assist2009,concept,dkt,3,isotonic,0.011735547916735468,5000.0,117,98,0.9943783923494443,61904
assist2009,concept,dkt,3,concept_aware_lambda0,0.01941785826654108,5000.0,117,98,0.9943783923494443,61904
assist2009,concept,dkt,3,concept_aware_eb,0.011830633589203,5000.0,117,98,0.9943783923494443,61904
assist2009,concept,dkt,3,difficulty_bucket,0.011776927909659663,5000.0,117,98,0.9943783923494443,61904
assist2009,concept,dkt,4,none,0.01264908009171397,5000.0,112,94,0.991276815714655,61904
assist2009,concept,dkt,4,isotonic,0.006738685897338591,5000.0,112,94,0.991276815714655,61904
assist2009,concept,dkt,4,concept_aware_lambda0,0.014807576059517089,5000.0,112,94,0.991276815714655,61904
assist2009,concept,dkt,4,concept_aware_eb,0.006995732472497612,5000.0,112,94,0.991276815714655,61904
assist2009,concept,dkt,4,difficulty_bucket,0.006549141057070951,5000.0,112,94,0.991276815714655,61904
assist2009,concept,sakt,0,none,0.04015854801080865,1000.0,116,92,0.9913575859395193,61904
assist2009,concept,sakt,0,isotonic,0.010047348576914023,1000.0,116,92,0.9913575859395193,61904
assist2009,concept,sakt,0,concept_aware_lambda0,0.02072889955723742,1000.0,116,92,0.9913575859395193,61904
assist2009,concept,sakt,0,concept_aware_eb,0.014661699826619355,1000.0,116,92,0.9913575859395193,61904
assist2009,concept,sakt,0,difficulty_bucket,0.010125277137875583,1000.0,116,92,0.9913575859395193,61904
assist2009,concept,sakt,1,none,0.04249956474733232,5000.0,113,93,0.9899683380718531,61904
assist2009,concept,sakt,1,isotonic,0.009272738106922408,5000.0,113,93,0.9899683380718531,61904
assist2009,concept,sakt,1,concept_aware_lambda0,0.02091002915935812,5000.0,113,93,0.9899683380718531,61904
assist2009,concept,sakt,1,concept_aware_eb,0.011226264270933406,5000.0,113,93,0.9899683380718531,61904
assist2009,concept,sakt,1,difficulty_bucket,0.009280344758737737,5000.0,113,93,0.9899683380718531,61904
assist2009,concept,sakt,2,none,0.03825182835630443,inf,118,101,0.9964622641509434,61904
assist2009,concept,sakt,2,isotonic,0.012917450556096794,inf,118,101,0.9964622641509434,61904
assist2009,concept,sakt,2,concept_aware_lambda0,0.027220635798415677,inf,118,101,0.9964622641509434,61904
assist2009,concept,sakt,2,concept_aware_eb,0.012917450556096794,inf,118,101,0.9964622641509434,61904
assist2009,concept,sakt,2,difficulty_bucket,0.013000429214235625,inf,118,101,0.9964622641509434,61904
assist2009,concept,sakt,3,none,0.04516834967189442,100000.0,117,98,0.9943783923494443,61904
assist2009,concept,sakt,3,isotonic,0.009497674172777453,100000.0,117,98,0.9943783923494443,61904
assist2009,concept,sakt,3,concept_aware_lambda0,0.019384075874697156,100000.0,117,98,0.9943783923494443,61904
assist2009,concept,sakt,3,concept_aware_eb,0.009546644760063536,100000.0,117,98,0.9943783923494443,61904
assist2009,concept,sakt,3,difficulty_bucket,0.009472305507801485,100000.0,117,98,0.9943783923494443,61904
assist2009,concept,sakt,4,none,0.033467823304739054,5000.0,112,94,0.991276815714655,61904
assist2009,concept,sakt,4,isotonic,0.009194434244969203,5000.0,112,94,0.991276815714655,61904
assist2009,concept,sakt,4,concept_aware_lambda0,0.018107863896032132,5000.0,112,94,0.991276815714655,61904
assist2009,concept,sakt,4,concept_aware_eb,0.00908833465092907,5000.0,112,94,0.991276815714655,61904
assist2009,concept,sakt,4,difficulty_bucket,0.009279959908493543,5000.0,112,94,0.991276815714655,61904
assist2009,concept,akt,0,none,0.010144944341557658,1000.0,116,92,0.9913575859395193,61904
assist2009,concept,akt,0,isotonic,0.007887645057334981,1000.0,116,92,0.9913575859395193,61904
assist2009,concept,akt,0,concept_aware_lambda0,0.017373319466797415,1000.0,116,92,0.9913575859395193,61904
assist2009,concept,akt,0,concept_aware_eb,0.010990687224917715,1000.0,116,92,0.9913575859395193,61904
assist2009,concept,akt,0,difficulty_bucket,0.007833236537815891,1000.0,116,92,0.9913575859395193,61904
assist2009,concept,akt,1,none,0.006168805380620897,5000.0,113,93,0.9899683380718531,61904
assist2009,concept,akt,1,isotonic,0.010009683579666905,5000.0,113,93,0.9899683380718531,61904
assist2009,concept,akt,1,concept_aware_lambda0,0.01753083950820444,5000.0,113,93,0.9899683380718531,61904
assist2009,concept,akt,1,concept_aware_eb,0.011175253834067698,5000.0,113,93,0.9899683380718531,61904
assist2009,concept,akt,1,difficulty_bucket,0.010052749359139742,5000.0,113,93,0.9899683380718531,61904
assist2009,concept,akt,2,none,0.0074279251457233944,inf,118,101,0.9964622641509434,61904
assist2009,concept,akt,2,isotonic,0.011037096709131711,inf,118,101,0.9964622641509434,61904
assist2009,concept,akt,2,concept_aware_lambda0,0.01974891522854859,inf,118,101,0.9964622641509434,61904
assist2009,concept,akt,2,concept_aware_eb,0.011037096709131711,inf,118,101,0.9964622641509434,61904
assist2009,concept,akt,2,difficulty_bucket,0.011113741560515344,inf,118,101,0.9964622641509434,61904
assist2009,concept,akt,3,none,0.007119898870692492,100000.0,117,98,0.9943783923494443,61904
assist2009,concept,akt,3,isotonic,0.011482638242475088,100000.0,117,98,0.9943783923494443,61904
assist2009,concept,akt,3,concept_aware_lambda0,0.019652843713013506,100000.0,117,98,0.9943783923494443,61904
assist2009,concept,akt,3,concept_aware_eb,0.011488865789895112,100000.0,117,98,0.9943783923494443,61904
assist2009,concept,akt,3,difficulty_bucket,0.011577565712708193,100000.0,117,98,0.9943783923494443,61904
assist2009,concept,akt,4,none,0.019155259687143166,1000.0,112,94,0.991276815714655,61904
assist2009,concept,akt,4,isotonic,0.006170731863002006,1000.0,112,94,0.991276815714655,61904
assist2009,concept,akt,4,concept_aware_lambda0,0.013457583464622898,1000.0,112,94,0.991276815714655,61904
assist2009,concept,akt,4,concept_aware_eb,0.0074091067888602345,1000.0,112,94,0.991276815714655,61904
assist2009,concept,akt,4,difficulty_bucket,0.006095227258263965,1000.0,112,94,0.991276815714655,61904
assist2009,concept,simplekt,0,none,0.055354763466805575,inf,116,92,0.9913575859395193,61904
assist2009,concept,simplekt,0,isotonic,0.008911323067060573,inf,116,92,0.9913575859395193,61904
assist2009,concept,simplekt,0,concept_aware_lambda0,0.015351561199641222,inf,116,92,0.9913575859395193,61904
assist2009,concept,simplekt,0,concept_aware_eb,0.008911323067060573,inf,116,92,0.9913575859395193,61904
assist2009,concept,simplekt,0,difficulty_bucket,0.009445515041770823,inf,116,92,0.9913575859395193,61904
assist2009,concept,simplekt,1,none,0.09806807461820578,100000.0,113,93,0.9899683380718531,61904
assist2009,concept,simplekt,1,isotonic,0.014142313464119267,100000.0,113,93,0.9899683380718531,61904
assist2009,concept,simplekt,1,concept_aware_lambda0,0.018177342870113695,100000.0,113,93,0.9899683380718531,61904
assist2009,concept,simplekt,1,concept_aware_eb,0.014127229747951683,100000.0,113,93,0.9899683380718531,61904
assist2009,concept,simplekt,1,difficulty_bucket,0.013734575948605436,100000.0,113,93,0.9899683380718531,61904
assist2009,concept,simplekt,2,none,0.011859834272036011,5000.0,118,101,0.9964622641509434,61904
assist2009,concept,simplekt,2,isotonic,0.013109220761979163,5000.0,118,101,0.9964622641509434,61904
assist2009,concept,simplekt,2,concept_aware_lambda0,0.02015861949044689,5000.0,118,101,0.9964622641509434,61904
assist2009,concept,simplekt,2,concept_aware_eb,0.013856940673967647,5000.0,118,101,0.9964622641509434,61904
assist2009,concept,simplekt,2,difficulty_bucket,0.013263633128449736,5000.0,118,101,0.9964622641509434,61904
assist2009,concept,simplekt,3,none,0.03321059344688673,100000.0,117,98,0.9943783923494443,61904
assist2009,concept,simplekt,3,isotonic,0.012930191194322064,100000.0,117,98,0.9943783923494443,61904
assist2009,concept,simplekt,3,concept_aware_lambda0,0.018622153336636155,100000.0,117,98,0.9943783923494443,61904
assist2009,concept,simplekt,3,concept_aware_eb,0.01278018535503698,100000.0,117,98,0.9943783923494443,61904
assist2009,concept,simplekt,3,difficulty_bucket,0.012413500684554471,100000.0,117,98,0.9943783923494443,61904
assist2009,concept,simplekt,4,none,0.08653906019980608,inf,112,94,0.991276815714655,61904
assist2009,concept,simplekt,4,isotonic,0.007397662706469685,inf,112,94,0.991276815714655,61904
assist2009,concept,simplekt,4,concept_aware_lambda0,0.012981562932247278,inf,112,94,0.991276815714655,61904
assist2009,concept,simplekt,4,concept_aware_eb,0.007397662706469685,inf,112,94,0.991276815714655,61904
assist2009,concept,simplekt,4,difficulty_bucket,0.007439369875280233,inf,112,94,0.991276815714655,61904
assist2012,concept,dkt,0,none,0.00733443958922635,inf,259,208,0.9986289538824855,536087
assist2012,concept,dkt,0,isotonic,0.0018169537277189444,inf,259,208,0.9986289538824855,536087
assist2012,concept,dkt,0,concept_aware_lambda0,0.004540465515724165,inf,259,208,0.9986289538824855,536087
assist2012,concept,dkt,0,concept_aware_eb,0.0018169537277189444,inf,259,208,0.9986289538824855,536087
assist2012,concept,dkt,0,difficulty_bucket,0.0016415260657275887,inf,259,208,0.9986289538824855,536087
assist2012,concept,dkt,1,none,0.004062615311561589,100000.0,263,207,0.9985375508079846,536087
assist2012,concept,dkt,1,isotonic,0.0023389932651348903,100000.0,263,207,0.9985375508079846,536087
assist2012,concept,dkt,1,concept_aware_lambda0,0.006609177291892583,100000.0,263,207,0.9985375508079846,536087
assist2012,concept,dkt,1,concept_aware_eb,0.0022757434190874507,100000.0,263,207,0.9985375508079846,536087
assist2012,concept,dkt,1,difficulty_bucket,0.0023450299655504918,100000.0,263,207,0.9985375508079846,536087
assist2012,concept,dkt,2,none,0.003411174189277672,100000.0,261,208,0.9987072993749149,536087
assist2012,concept,dkt,2,isotonic,0.002054120191064706,100000.0,261,208,0.9987072993749149,536087
assist2012,concept,dkt,2,concept_aware_lambda0,0.006916100481625108,100000.0,261,208,0.9987072993749149,536087
assist2012,concept,dkt,2,concept_aware_eb,0.0020971111819781847,100000.0,261,208,0.9987072993749149,536087
assist2012,concept,dkt,2,difficulty_bucket,0.00206877554420687,100000.0,261,208,0.9987072993749149,536087
assist2012,concept,dkt,3,none,0.0027990982008084305,100000.0,257,205,0.9985319547013825,536087
assist2012,concept,dkt,3,isotonic,0.001920524369059373,100000.0,257,205,0.9985319547013825,536087
assist2012,concept,dkt,3,concept_aware_lambda0,0.006276117565665577,100000.0,257,205,0.9985319547013825,536087
assist2012,concept,dkt,3,concept_aware_eb,0.0020287140660146565,100000.0,257,205,0.9985319547013825,536087
assist2012,concept,dkt,3,difficulty_bucket,0.0019486382681690316,100000.0,257,205,0.9985319547013825,536087
assist2012,concept,dkt,4,none,0.010044976934628259,5000.0,261,209,0.9988304137201611,536087
assist2012,concept,dkt,4,isotonic,0.00203399187241756,5000.0,261,209,0.9988304137201611,536087
assist2012,concept,dkt,4,concept_aware_lambda0,0.006274823065029837,5000.0,261,209,0.9988304137201611,536087
assist2012,concept,dkt,4,concept_aware_eb,0.0022846569081072933,5000.0,261,209,0.9988304137201611,536087
assist2012,concept,dkt,4,difficulty_bucket,0.002034129287583449,5000.0,261,209,0.9988304137201611,536087
assist2012,concept,sakt,0,none,0.007014077722941315,inf,259,208,0.9986289538824855,536087
assist2012,concept,sakt,0,isotonic,0.0014683367936488725,inf,259,208,0.9986289538824855,536087
assist2012,concept,sakt,0,concept_aware_lambda0,0.005693655582655411,inf,259,208,0.9986289538824855,536087
assist2012,concept,sakt,0,concept_aware_eb,0.0014683367936488725,inf,259,208,0.9986289538824855,536087
assist2012,concept,sakt,0,difficulty_bucket,0.00139346109551619,inf,259,208,0.9986289538824855,536087
assist2012,concept,sakt,1,none,0.012012684953517152,inf,263,207,0.9985375508079846,536087
assist2012,concept,sakt,1,isotonic,0.0031506238816270266,inf,263,207,0.9985375508079846,536087
assist2012,concept,sakt,1,concept_aware_lambda0,0.007793601610101369,inf,263,207,0.9985375508079846,536087
assist2012,concept,sakt,1,concept_aware_eb,0.0031506238816270266,inf,263,207,0.9985375508079846,536087
assist2012,concept,sakt,1,difficulty_bucket,0.0031714355490839105,inf,263,207,0.9985375508079846,536087
assist2012,concept,sakt,2,none,0.00930167440183071,inf,261,208,0.9987072993749149,536087
assist2012,concept,sakt,2,isotonic,0.0036916854174147496,inf,261,208,0.9987072993749149,536087
assist2012,concept,sakt,2,concept_aware_lambda0,0.006981166541389303,inf,261,208,0.9987072993749149,536087
assist2012,concept,sakt,2,concept_aware_eb,0.0036916854174147496,inf,261,208,0.9987072993749149,536087
assist2012,concept,sakt,2,difficulty_bucket,0.0037205689823494414,inf,261,208,0.9987072993749149,536087
assist2012,concept,sakt,3,none,0.007886583676008288,inf,257,205,0.9985319547013825,536087
assist2012,concept,sakt,3,isotonic,0.003638854445136884,inf,257,205,0.9985319547013825,536087
assist2012,concept,sakt,3,concept_aware_lambda0,0.00789237468489745,inf,257,205,0.9985319547013825,536087
assist2012,concept,sakt,3,concept_aware_eb,0.003638854445136884,inf,257,205,0.9985319547013825,536087
assist2012,concept,sakt,3,difficulty_bucket,0.003743931728824343,inf,257,205,0.9985319547013825,536087
assist2012,concept,sakt,4,none,0.025628893930610058,5000.0,261,209,0.9988304137201611,536087
assist2012,concept,sakt,4,isotonic,0.0014704403236105886,5000.0,261,209,0.9988304137201611,536087
assist2012,concept,sakt,4,concept_aware_lambda0,0.006652235961239364,5000.0,261,209,0.9988304137201611,536087
assist2012,concept,sakt,4,concept_aware_eb,0.0021474195476096783,5000.0,261,209,0.9988304137201611,536087
assist2012,concept,sakt,4,difficulty_bucket,0.0014922472888260257,5000.0,261,209,0.9988304137201611,536087
assist2012,concept,akt,0,none,0.014982328060999452,5000.0,259,208,0.9986289538824855,536087
assist2012,concept,akt,0,isotonic,0.0018512119518181898,5000.0,259,208,0.9986289538824855,536087
assist2012,concept,akt,0,concept_aware_lambda0,0.003851249017249794,5000.0,259,208,0.9986289538824855,536087
assist2012,concept,akt,0,concept_aware_eb,0.0022196110430224686,5000.0,259,208,0.9986289538824855,536087
assist2012,concept,akt,0,difficulty_bucket,0.0016653401183393272,5000.0,259,208,0.9986289538824855,536087
assist2012,concept,akt,1,none,0.014893701045132421,inf,263,207,0.9985375508079846,536087
assist2012,concept,akt,1,isotonic,0.002768246083613658,inf,263,207,0.9985375508079846,536087
assist2012,concept,akt,1,concept_aware_lambda0,0.005773094861801916,inf,263,207,0.9985375508079846,536087
assist2012,concept,akt,1,concept_aware_eb,0.002768246083613658,inf,263,207,0.9985375508079846,536087
assist2012,concept,akt,1,difficulty_bucket,0.002368201053531874,inf,263,207,0.9985375508079846,536087
assist2012,concept,akt,2,none,0.014594792535657547,inf,261,208,0.9987072993749149,536087
assist2012,concept,akt,2,isotonic,0.0021251044481546567,inf,261,208,0.9987072993749149,536087
assist2012,concept,akt,2,concept_aware_lambda0,0.0051924000633204485,inf,261,208,0.9987072993749149,536087
assist2012,concept,akt,2,concept_aware_eb,0.0021251044481546567,inf,261,208,0.9987072993749149,536087
assist2012,concept,akt,2,difficulty_bucket,0.0022416493676294643,inf,261,208,0.9987072993749149,536087
assist2012,concept,akt,3,none,0.01399390726731168,100000.0,257,205,0.9985319547013825,536087
assist2012,concept,akt,3,isotonic,0.002196958685425233,100000.0,257,205,0.9985319547013825,536087
assist2012,concept,akt,3,concept_aware_lambda0,0.006289063590483786,100000.0,257,205,0.9985319547013825,536087
assist2012,concept,akt,3,concept_aware_eb,0.002538727755265539,100000.0,257,205,0.9985319547013825,536087
assist2012,concept,akt,3,difficulty_bucket,0.0022179891429836194,100000.0,257,205,0.9985319547013825,536087
assist2012,concept,akt,4,none,0.012408899082193591,5000.0,261,209,0.9988304137201611,536087
assist2012,concept,akt,4,isotonic,0.0018666050305055535,5000.0,261,209,0.9988304137201611,536087
assist2012,concept,akt,4,concept_aware_lambda0,0.00458786539246196,5000.0,261,209,0.9988304137201611,536087
assist2012,concept,akt,4,concept_aware_eb,0.002054549193653195,5000.0,261,209,0.9988304137201611,536087
assist2012,concept,akt,4,difficulty_bucket,0.0016967173171025531,5000.0,261,209,0.9988304137201611,536087
assist2012,concept,simplekt,0,none,0.017429344812549437,inf,259,208,0.9986289538824855,536087
assist2012,concept,simplekt,0,isotonic,0.0017542852220211668,inf,259,208,0.9986289538824855,536087
assist2012,concept,simplekt,0,concept_aware_lambda0,0.0042268253688210414,inf,259,208,0.9986289538824855,536087
assist2012,concept,simplekt,0,concept_aware_eb,0.0017542852220211668,inf,259,208,0.9986289538824855,536087
assist2012,concept,simplekt,0,difficulty_bucket,0.0017020896473742705,inf,259,208,0.9986289538824855,536087
assist2012,concept,simplekt,1,none,0.01906458293118119,inf,263,207,0.9985375508079846,536087
assist2012,concept,simplekt,1,isotonic,0.0015184862392519788,inf,263,207,0.9985375508079846,536087
assist2012,concept,simplekt,1,concept_aware_lambda0,0.005296758165432112,inf,263,207,0.9985375508079846,536087
assist2012,concept,simplekt,1,concept_aware_eb,0.0015184862392519788,inf,263,207,0.9985375508079846,536087
assist2012,concept,simplekt,1,difficulty_bucket,0.0015263659355519803,inf,263,207,0.9985375508079846,536087
assist2012,concept,simplekt,2,none,0.00825049529158506,5000.0,261,208,0.9987072993749149,536087
assist2012,concept,simplekt,2,isotonic,0.0019907361296521656,5000.0,261,208,0.9987072993749149,536087
assist2012,concept,simplekt,2,concept_aware_lambda0,0.005234064268287462,5000.0,261,208,0.9987072993749149,536087
assist2012,concept,simplekt,2,concept_aware_eb,0.002395063010609937,5000.0,261,208,0.9987072993749149,536087
assist2012,concept,simplekt,2,difficulty_bucket,0.001995579228039475,5000.0,261,208,0.9987072993749149,536087
assist2012,concept,simplekt,3,none,0.015161573310168748,100000.0,257,205,0.9985319547013825,536087
assist2012,concept,simplekt,3,isotonic,0.0026113698857011805,100000.0,257,205,0.9985319547013825,536087
assist2012,concept,simplekt,3,concept_aware_lambda0,0.006084895957241366,100000.0,257,205,0.9985319547013825,536087
assist2012,concept,simplekt,3,concept_aware_eb,0.002800990460018737,100000.0,257,205,0.9985319547013825,536087
assist2012,concept,simplekt,3,difficulty_bucket,0.002663746169394504,100000.0,257,205,0.9985319547013825,536087
assist2012,concept,simplekt,4,none,0.01586400027242074,inf,261,209,0.9988304137201611,536087
assist2012,concept,simplekt,4,isotonic,0.0013845237055863803,inf,261,209,0.9988304137201611,536087
assist2012,concept,simplekt,4,concept_aware_lambda0,0.005196615573527998,inf,261,209,0.9988304137201611,536087
assist2012,concept,simplekt,4,concept_aware_eb,0.0013845237055863803,inf,261,209,0.9988304137201611,536087
assist2012,concept,simplekt,4,difficulty_bucket,0.0014477019157778364,inf,261,209,0.9988304137201611,536087
assist2015,concept,dkt,0,none,0.010169932583917777,100000.0,100,100,1.0,134592
assist2015,concept,dkt,0,isotonic,0.003941079160420799,100000.0,100,100,1.0,134592
assist2015,concept,dkt,0,concept_aware_lambda0,0.01196173772096043,100000.0,100,100,1.0,134592
assist2015,concept,dkt,0,concept_aware_eb,0.004459623106201077,100000.0,100,100,1.0,134592
assist2015,concept,dkt,0,difficulty_bucket,0.004187774992710018,100000.0,100,100,1.0,134592
assist2015,concept,dkt,1,none,0.00846752448836041,inf,100,100,1.0,134592
assist2015,concept,dkt,1,isotonic,0.0038106940958449365,inf,100,100,1.0,134592
assist2015,concept,dkt,1,concept_aware_lambda0,0.01272480781358399,inf,100,100,1.0,134592
assist2015,concept,dkt,1,concept_aware_eb,0.0038106940958449365,inf,100,100,1.0,134592
assist2015,concept,dkt,1,difficulty_bucket,0.0038439960915507554,inf,100,100,1.0,134592
assist2015,concept,dkt,2,none,0.009897714989708024,inf,100,99,0.9998514027579648,134592
assist2015,concept,dkt,2,isotonic,0.004840115329491388,inf,100,99,0.9998514027579648,134592
assist2015,concept,dkt,2,concept_aware_lambda0,0.01108115977140577,inf,100,99,0.9998514027579648,134592
assist2015,concept,dkt,2,concept_aware_eb,0.004840115329491388,inf,100,99,0.9998514027579648,134592
assist2015,concept,dkt,2,difficulty_bucket,0.004868052304035432,inf,100,99,0.9998514027579648,134592
assist2015,concept,dkt,3,none,0.009877009624176886,inf,100,100,1.0,134592
assist2015,concept,dkt,3,isotonic,0.002230945009466037,inf,100,100,1.0,134592
assist2015,concept,dkt,3,concept_aware_lambda0,0.011298253150456666,inf,100,100,1.0,134592
assist2015,concept,dkt,3,concept_aware_eb,0.002230945009466037,inf,100,100,1.0,134592
assist2015,concept,dkt,3,difficulty_bucket,0.0022657372588823802,inf,100,100,1.0,134592
assist2015,concept,dkt,4,none,0.0060607287765950466,inf,100,100,1.0,134592
assist2015,concept,dkt,4,isotonic,0.004265828009563784,inf,100,100,1.0,134592
assist2015,concept,dkt,4,concept_aware_lambda0,0.012845639121010449,inf,100,100,1.0,134592
assist2015,concept,dkt,4,concept_aware_eb,0.004265828009563784,inf,100,100,1.0,134592
assist2015,concept,dkt,4,difficulty_bucket,0.004449030890275126,inf,100,100,1.0,134592
assist2015,concept,sakt,0,none,0.01793081436119796,inf,100,100,1.0,134592
assist2015,concept,sakt,0,isotonic,0.004992105592457777,inf,100,100,1.0,134592
assist2015,concept,sakt,0,concept_aware_lambda0,0.011929519120323409,inf,100,100,1.0,134592
assist2015,concept,sakt,0,concept_aware_eb,0.004992105592457777,inf,100,100,1.0,134592
assist2015,concept,sakt,0,difficulty_bucket,0.005055005483287821,inf,100,100,1.0,134592
assist2015,concept,sakt,1,none,0.016210547701291333,inf,100,100,1.0,134592
assist2015,concept,sakt,1,isotonic,0.00490122102729757,inf,100,100,1.0,134592
assist2015,concept,sakt,1,concept_aware_lambda0,0.01360590658057073,inf,100,100,1.0,134592
assist2015,concept,sakt,1,concept_aware_eb,0.00490122102729757,inf,100,100,1.0,134592
assist2015,concept,sakt,1,difficulty_bucket,0.005012702113204988,inf,100,100,1.0,134592
assist2015,concept,sakt,2,none,0.023231919908354035,inf,100,99,0.9998514027579648,134592
assist2015,concept,sakt,2,isotonic,0.00632746451935342,inf,100,99,0.9998514027579648,134592
assist2015,concept,sakt,2,concept_aware_lambda0,0.011866667665435683,inf,100,99,0.9998514027579648,134592
assist2015,concept,sakt,2,concept_aware_eb,0.00632746451935342,inf,100,99,0.9998514027579648,134592
assist2015,concept,sakt,2,difficulty_bucket,0.006394050830977701,inf,100,99,0.9998514027579648,134592
assist2015,concept,sakt,3,none,0.024044089229820407,inf,100,100,1.0,134592
assist2015,concept,sakt,3,isotonic,0.004115739244315528,inf,100,100,1.0,134592
assist2015,concept,sakt,3,concept_aware_lambda0,0.012090348190123007,inf,100,100,1.0,134592
assist2015,concept,sakt,3,concept_aware_eb,0.004115739244315528,inf,100,100,1.0,134592
assist2015,concept,sakt,3,difficulty_bucket,0.004167690874416516,inf,100,100,1.0,134592
assist2015,concept,sakt,4,none,0.018366832611838805,100000.0,100,100,1.0,134592
assist2015,concept,sakt,4,isotonic,0.005595101316356484,100000.0,100,100,1.0,134592
assist2015,concept,sakt,4,concept_aware_lambda0,0.014006827743053098,100000.0,100,100,1.0,134592
assist2015,concept,sakt,4,concept_aware_eb,0.005693924972643102,100000.0,100,100,1.0,134592
assist2015,concept,sakt,4,difficulty_bucket,0.005682266961361317,100000.0,100,100,1.0,134592
assist2015,concept,akt,0,none,0.010453263580218078,inf,100,100,1.0,134592
assist2015,concept,akt,0,isotonic,0.003575796890524312,inf,100,100,1.0,134592
assist2015,concept,akt,0,concept_aware_lambda0,0.011698756121500162,inf,100,100,1.0,134592
assist2015,concept,akt,0,concept_aware_eb,0.003575796890524312,inf,100,100,1.0,134592
assist2015,concept,akt,0,difficulty_bucket,0.0035351728444800615,inf,100,100,1.0,134592
assist2015,concept,akt,1,none,0.009313152256533374,100000.0,100,100,1.0,134592
assist2015,concept,akt,1,isotonic,0.004962094318974671,100000.0,100,100,1.0,134592
assist2015,concept,akt,1,concept_aware_lambda0,0.012827556173356507,100000.0,100,100,1.0,134592
assist2015,concept,akt,1,concept_aware_eb,0.0050003248937329995,100000.0,100,100,1.0,134592
assist2015,concept,akt,1,difficulty_bucket,0.00501655511124319,100000.0,100,100,1.0,134592
assist2015,concept,akt,2,none,0.00801587417889812,inf,100,99,0.9998514027579648,134592
assist2015,concept,akt,2,isotonic,0.004086796732327326,inf,100,99,0.9998514027579648,134592
assist2015,concept,akt,2,concept_aware_lambda0,0.010394184029979442,inf,100,99,0.9998514027579648,134592
assist2015,concept,akt,2,concept_aware_eb,0.004086796732327326,inf,100,99,0.9998514027579648,134592
assist2015,concept,akt,2,difficulty_bucket,0.004205141933996667,inf,100,99,0.9998514027579648,134592
assist2015,concept,akt,3,none,0.009175667836781682,5000.0,100,100,1.0,134592
assist2015,concept,akt,3,isotonic,0.0034056637078967076,5000.0,100,100,1.0,134592
assist2015,concept,akt,3,concept_aware_lambda0,0.010736499077777024,5000.0,100,100,1.0,134592
assist2015,concept,akt,3,concept_aware_eb,0.0035311302770052663,5000.0,100,100,1.0,134592
assist2015,concept,akt,3,difficulty_bucket,0.00331909878649461,5000.0,100,100,1.0,134592
assist2015,concept,akt,4,none,0.009275667007387687,5000.0,100,100,1.0,134592
assist2015,concept,akt,4,isotonic,0.0047793539078852055,5000.0,100,100,1.0,134592
assist2015,concept,akt,4,concept_aware_lambda0,0.012552835552593197,5000.0,100,100,1.0,134592
assist2015,concept,akt,4,concept_aware_eb,0.005613437870668715,5000.0,100,100,1.0,134592
assist2015,concept,akt,4,difficulty_bucket,0.005011238800099174,5000.0,100,100,1.0,134592
assist2015,concept,simplekt,0,none,0.027523242638697033,100000.0,100,100,1.0,134592
assist2015,concept,simplekt,0,isotonic,0.005541672413057536,100000.0,100,100,1.0,134592
assist2015,concept,simplekt,0,concept_aware_lambda0,0.010055388511490954,100000.0,100,100,1.0,134592
assist2015,concept,simplekt,0,concept_aware_eb,0.005573525591342313,100000.0,100,100,1.0,134592
assist2015,concept,simplekt,0,difficulty_bucket,0.006031851537462421,100000.0,100,100,1.0,134592
assist2015,concept,simplekt,1,none,0.014416878456007339,100000.0,100,100,1.0,134592
assist2015,concept,simplekt,1,isotonic,0.003962887467237946,100000.0,100,100,1.0,134592
assist2015,concept,simplekt,1,concept_aware_lambda0,0.01052632024551844,100000.0,100,100,1.0,134592
assist2015,concept,simplekt,1,concept_aware_eb,0.003919342260821849,100000.0,100,100,1.0,134592
assist2015,concept,simplekt,1,difficulty_bucket,0.003999927465236369,100000.0,100,100,1.0,134592
assist2015,concept,simplekt,2,none,0.01449465256038645,inf,100,99,0.9998514027579648,134592
assist2015,concept,simplekt,2,isotonic,0.005517623009469341,inf,100,99,0.9998514027579648,134592
assist2015,concept,simplekt,2,concept_aware_lambda0,0.01136072379529175,inf,100,99,0.9998514027579648,134592
assist2015,concept,simplekt,2,concept_aware_eb,0.005517623009469341,inf,100,99,0.9998514027579648,134592
assist2015,concept,simplekt,2,difficulty_bucket,0.00590875719525635,inf,100,99,0.9998514027579648,134592
assist2015,concept,simplekt,3,none,0.012932458691519533,100000.0,100,100,1.0,134592
assist2015,concept,simplekt,3,isotonic,0.006178570437219537,100000.0,100,100,1.0,134592
assist2015,concept,simplekt,3,concept_aware_lambda0,0.00822549025022841,100000.0,100,100,1.0,134592
assist2015,concept,simplekt,3,concept_aware_eb,0.006230180871865992,100000.0,100,100,1.0,134592
assist2015,concept,simplekt,3,difficulty_bucket,0.005781689358647761,100000.0,100,100,1.0,134592
assist2015,concept,simplekt,4,none,0.031623344135553066,1000.0,100,100,1.0,134592
assist2015,concept,simplekt,4,isotonic,0.004736402789360831,1000.0,100,100,1.0,134592
assist2015,concept,simplekt,4,concept_aware_lambda0,0.012532008314063973,1000.0,100,100,1.0,134592
assist2015,concept,simplekt,4,concept_aware_eb,0.0061373282773503094,1000.0,100,100,1.0,134592
assist2015,concept,simplekt,4,difficulty_bucket,0.004807593440274547,1000.0,100,100,1.0,134592
assist2017,concept,dkt,0,none,0.013527226616023756,5000.0,100,90,0.9998424904509836,177767
assist2017,concept,dkt,0,isotonic,0.005650577503862355,5000.0,100,90,0.9998424904509836,177767
assist2017,concept,dkt,0,concept_aware_lambda0,0.008541341879947434,5000.0,100,90,0.9998424904509836,177767
assist2017,concept,dkt,0,concept_aware_eb,0.00602017302572658,5000.0,100,90,0.9998424904509836,177767
assist2017,concept,dkt,0,difficulty_bucket,0.005579288683914931,5000.0,100,90,0.9998424904509836,177767
assist2017,concept,dkt,1,none,0.022192921308553284,inf,92,88,0.9993530857808255,177767
assist2017,concept,dkt,1,isotonic,0.004962733832808126,inf,92,88,0.9993530857808255,177767
assist2017,concept,dkt,1,concept_aware_lambda0,0.007976347337094975,inf,92,88,0.9993530857808255,177767
assist2017,concept,dkt,1,concept_aware_eb,0.004962733832808126,inf,92,88,0.9993530857808255,177767
assist2017,concept,dkt,1,difficulty_bucket,0.004993093923029503,inf,92,88,0.9993530857808255,177767
assist2017,concept,dkt,2,none,0.011072484730536371,inf,92,89,0.9995443473760597,177767
assist2017,concept,dkt,2,isotonic,0.005030126013931569,inf,92,89,0.9995443473760597,177767
assist2017,concept,dkt,2,concept_aware_lambda0,0.008923636996418759,inf,92,89,0.9995443473760597,177767
assist2017,concept,dkt,2,concept_aware_eb,0.005030126013931569,inf,92,89,0.9995443473760597,177767
assist2017,concept,dkt,2,difficulty_bucket,0.005042433026046234,inf,92,89,0.9995443473760597,177767
assist2017,concept,dkt,3,none,0.01539663047488877,inf,93,91,1.0,177767
assist2017,concept,dkt,3,isotonic,0.003423997559951315,inf,93,91,1.0,177767
assist2017,concept,dkt,3,concept_aware_lambda0,0.008107152007023414,inf,93,91,1.0,177767
assist2017,concept,dkt,3,concept_aware_eb,0.003423997559951315,inf,93,91,1.0,177767
assist2017,concept,dkt,3,difficulty_bucket,0.0035002663174112754,inf,93,91,1.0,177767
assist2017,concept,dkt,4,none,0.02314868153095154,100000.0,92,90,0.9998537411330561,177767
assist2017,concept,dkt,4,isotonic,0.0056791463172782344,100000.0,92,90,0.9998537411330561,177767
assist2017,concept,dkt,4,concept_aware_lambda0,0.007490649441087567,100000.0,92,90,0.9998537411330561,177767
assist2017,concept,dkt,4,concept_aware_eb,0.0057849965078772565,100000.0,92,90,0.9998537411330561,177767
assist2017,concept,dkt,4,difficulty_bucket,0.005625884464336185,100000.0,92,90,0.9998537411330561,177767
assist2017,concept,sakt,0,none,0.010704804440548076,5000.0,100,90,0.9998424904509836,177767
assist2017,concept,sakt,0,isotonic,0.00375373684844019,5000.0,100,90,0.9998424904509836,177767
assist2017,concept,sakt,0,concept_aware_lambda0,0.007410439719004404,5000.0,100,90,0.9998424904509836,177767
assist2017,concept,sakt,0,concept_aware_eb,0.0024201025658966142,5000.0,100,90,0.9998424904509836,177767
assist2017,concept,sakt,0,difficulty_bucket,0.003651795598404105,5000.0,100,90,0.9998424904509836,177767
assist2017,concept,sakt,1,none,0.011052150103483385,inf,92,88,0.9993530857808255,177767
assist2017,concept,sakt,1,isotonic,0.003162277420020943,inf,92,88,0.9993530857808255,177767
assist2017,concept,sakt,1,concept_aware_lambda0,0.010542011634740023,inf,92,88,0.9993530857808255,177767
assist2017,concept,sakt,1,concept_aware_eb,0.003162277420020943,inf,92,88,0.9993530857808255,177767
assist2017,concept,sakt,1,difficulty_bucket,0.003014821098090716,inf,92,88,0.9993530857808255,177767
assist2017,concept,sakt,2,none,0.012639141051346399,100000.0,92,89,0.9995443473760597,177767
assist2017,concept,sakt,2,isotonic,0.003839658476382558,100000.0,92,89,0.9995443473760597,177767
assist2017,concept,sakt,2,concept_aware_lambda0,0.010169813265827892,100000.0,92,89,0.9995443473760597,177767
assist2017,concept,sakt,2,concept_aware_eb,0.0037277943746540183,100000.0,92,89,0.9995443473760597,177767
assist2017,concept,sakt,2,difficulty_bucket,0.0037715331004604213,100000.0,92,89,0.9995443473760597,177767
assist2017,concept,sakt,3,none,0.008514041947696982,100000.0,93,91,1.0,177767
assist2017,concept,sakt,3,isotonic,0.003690997996613757,100000.0,93,91,1.0,177767
assist2017,concept,sakt,3,concept_aware_lambda0,0.007081116015412633,100000.0,93,91,1.0,177767
assist2017,concept,sakt,3,concept_aware_eb,0.003589204403024144,100000.0,93,91,1.0,177767
assist2017,concept,sakt,3,difficulty_bucket,0.0033489670264765952,100000.0,93,91,1.0,177767
assist2017,concept,sakt,4,none,0.010438134159968216,5000.0,92,90,0.9998537411330561,177767
assist2017,concept,sakt,4,isotonic,0.005563333287673671,5000.0,92,90,0.9998537411330561,177767
assist2017,concept,sakt,4,concept_aware_lambda0,0.011053776120658143,5000.0,92,90,0.9998537411330561,177767
assist2017,concept,sakt,4,concept_aware_eb,0.005807065766350745,5000.0,92,90,0.9998537411330561,177767
assist2017,concept,sakt,4,difficulty_bucket,0.005610103283787263,5000.0,92,90,0.9998537411330561,177767
assist2017,concept,akt,0,none,0.015605454268369156,100000.0,100,90,0.9998424904509836,177767
assist2017,concept,akt,0,isotonic,0.00397693566964833,100000.0,100,90,0.9998424904509836,177767
assist2017,concept,akt,0,concept_aware_lambda0,0.008499187746205327,100000.0,100,90,0.9998424904509836,177767
assist2017,concept,akt,0,concept_aware_eb,0.003834983052397916,100000.0,100,90,0.9998424904509836,177767
assist2017,concept,akt,0,difficulty_bucket,0.003965253797415955,100000.0,100,90,0.9998424904509836,177767
assist2017,concept,akt,1,none,0.015451008298344417,5000.0,92,88,0.9993530857808255,177767
assist2017,concept,akt,1,isotonic,0.004745765694838805,5000.0,92,88,0.9993530857808255,177767
assist2017,concept,akt,1,concept_aware_lambda0,0.007959671223543028,5000.0,92,88,0.9993530857808255,177767
assist2017,concept,akt,1,concept_aware_eb,0.003859584380161398,5000.0,92,88,0.9993530857808255,177767
assist2017,concept,akt,1,difficulty_bucket,0.004831524714124097,5000.0,92,88,0.9993530857808255,177767
assist2017,concept,akt,2,none,0.017773417654023436,inf,92,89,0.9995443473760597,177767
assist2017,concept,akt,2,isotonic,0.0049387860115607495,inf,92,89,0.9995443473760597,177767
assist2017,concept,akt,2,concept_aware_lambda0,0.009051580416549982,inf,92,89,0.9995443473760597,177767
assist2017,concept,akt,2,concept_aware_eb,0.0049387860115607495,inf,92,89,0.9995443473760597,177767
assist2017,concept,akt,2,difficulty_bucket,0.004955154131429444,inf,92,89,0.9995443473760597,177767
assist2017,concept,akt,3,none,0.017107542544003942,inf,93,91,1.0,177767
assist2017,concept,akt,3,isotonic,0.005612331219034952,inf,93,91,1.0,177767
assist2017,concept,akt,3,concept_aware_lambda0,0.011050315764166515,inf,93,91,1.0,177767
assist2017,concept,akt,3,concept_aware_eb,0.005612331219034952,inf,93,91,1.0,177767
assist2017,concept,akt,3,difficulty_bucket,0.005079075770942061,inf,93,91,1.0,177767
assist2017,concept,akt,4,none,0.021251231974563713,5000.0,92,90,0.9998537411330561,177767
assist2017,concept,akt,4,isotonic,0.005803040279666558,5000.0,92,90,0.9998537411330561,177767
assist2017,concept,akt,4,concept_aware_lambda0,0.009274097565394646,5000.0,92,90,0.9998537411330561,177767
assist2017,concept,akt,4,concept_aware_eb,0.005458045115228834,5000.0,92,90,0.9998537411330561,177767
assist2017,concept,akt,4,difficulty_bucket,0.005806881375318693,5000.0,92,90,0.9998537411330561,177767
assist2017,concept,simplekt,0,none,0.02814247960317303,inf,100,90,0.9998424904509836,177767
assist2017,concept,simplekt,0,isotonic,0.0035288128544853697,inf,100,90,0.9998424904509836,177767
assist2017,concept,simplekt,0,concept_aware_lambda0,0.008111037289811631,inf,100,90,0.9998424904509836,177767
assist2017,concept,simplekt,0,concept_aware_eb,0.0035288128544853697,inf,100,90,0.9998424904509836,177767
assist2017,concept,simplekt,0,difficulty_bucket,0.003508000535283833,inf,100,90,0.9998424904509836,177767
assist2017,concept,simplekt,1,none,0.02095656718060297,inf,92,88,0.9993530857808255,177767
assist2017,concept,simplekt,1,isotonic,0.00392481166327593,inf,92,88,0.9993530857808255,177767
assist2017,concept,simplekt,1,concept_aware_lambda0,0.009850875245796609,inf,92,88,0.9993530857808255,177767
assist2017,concept,simplekt,1,concept_aware_eb,0.00392481166327593,inf,92,88,0.9993530857808255,177767
assist2017,concept,simplekt,1,difficulty_bucket,0.003929236023438339,inf,92,88,0.9993530857808255,177767
assist2017,concept,simplekt,2,none,0.019639859795918316,5000.0,92,89,0.9995443473760597,177767
assist2017,concept,simplekt,2,isotonic,0.006651053189374093,5000.0,92,89,0.9995443473760597,177767
assist2017,concept,simplekt,2,concept_aware_lambda0,0.009183142150025891,5000.0,92,89,0.9995443473760597,177767
assist2017,concept,simplekt,2,concept_aware_eb,0.005685561963361134,5000.0,92,89,0.9995443473760597,177767
assist2017,concept,simplekt,2,difficulty_bucket,0.0066630057985608195,5000.0,92,89,0.9995443473760597,177767
assist2017,concept,simplekt,3,none,0.016694348248345526,inf,93,91,1.0,177767
assist2017,concept,simplekt,3,isotonic,0.003901163624664641,inf,93,91,1.0,177767
assist2017,concept,simplekt,3,concept_aware_lambda0,0.008350220157815216,inf,93,91,1.0,177767
assist2017,concept,simplekt,3,concept_aware_eb,0.003901163624664641,inf,93,91,1.0,177767
assist2017,concept,simplekt,3,difficulty_bucket,0.0039088076167641,inf,93,91,1.0,177767
assist2017,concept,simplekt,4,none,0.03020499858410498,5000.0,92,90,0.9998537411330561,177767
assist2017,concept,simplekt,4,isotonic,0.002443447608072307,5000.0,92,90,0.9998537411330561,177767
assist2017,concept,simplekt,4,concept_aware_lambda0,0.008092421519510616,5000.0,92,90,0.9998537411330561,177767
assist2017,concept,simplekt,4,concept_aware_eb,0.002465693717575417,5000.0,92,90,0.9998537411330561,177767
assist2017,concept,simplekt,4,difficulty_bucket,0.002459915028887707,5000.0,92,90,0.9998537411330561,177767
bridge2algebra2006,concept,dkt,0,none,0.006761580731020383,5000.0,413,346,0.9911998665275386,353631
bridge2algebra2006,concept,dkt,0,isotonic,0.0031651615478459558,5000.0,413,346,0.9911998665275386,353631
bridge2algebra2006,concept,dkt,0,concept_aware_lambda0,0.008480961979501376,5000.0,413,346,0.9911998665275386,353631
bridge2algebra2006,concept,dkt,0,concept_aware_eb,0.004269940401617406,5000.0,413,346,0.9911998665275386,353631
bridge2algebra2006,concept,dkt,0,difficulty_bucket,0.003190916558191863,5000.0,413,346,0.9911998665275386,353631
bridge2algebra2006,concept,dkt,1,none,0.006635081625735952,100000.0,407,364,0.9929898679697199,353631
bridge2algebra2006,concept,dkt,1,isotonic,0.003054140352286165,100000.0,407,364,0.9929898679697199,353631
bridge2algebra2006,concept,dkt,1,concept_aware_lambda0,0.009401127613587313,100000.0,407,364,0.9929898679697199,353631
bridge2algebra2006,concept,dkt,1,concept_aware_eb,0.0032337264808607407,100000.0,407,364,0.9929898679697199,353631
bridge2algebra2006,concept,dkt,1,difficulty_bucket,0.003218036246164874,100000.0,407,364,0.9929898679697199,353631
bridge2algebra2006,concept,dkt,2,none,0.004558214192591886,inf,420,373,0.9962927458282786,353631
bridge2algebra2006,concept,dkt,2,isotonic,0.003389632531262611,inf,420,373,0.9962927458282786,353631
bridge2algebra2006,concept,dkt,2,concept_aware_lambda0,0.0084143319455088,inf,420,373,0.9962927458282786,353631
bridge2algebra2006,concept,dkt,2,concept_aware_eb,0.003389632531262611,inf,420,373,0.9962927458282786,353631
bridge2algebra2006,concept,dkt,2,difficulty_bucket,0.003388166821748446,inf,420,373,0.9962927458282786,353631
bridge2algebra2006,concept,dkt,3,none,0.006199228763091935,inf,457,376,0.9958176743554722,353631
bridge2algebra2006,concept,dkt,3,isotonic,0.004780393710300093,inf,457,376,0.9958176743554722,353631
bridge2algebra2006,concept,dkt,3,concept_aware_lambda0,0.0079795283875111,inf,457,376,0.9958176743554722,353631
bridge2algebra2006,concept,dkt,3,concept_aware_eb,0.004780393710300093,inf,457,376,0.9958176743554722,353631
bridge2algebra2006,concept,dkt,3,difficulty_bucket,0.004775738006102501,inf,457,376,0.9958176743554722,353631
bridge2algebra2006,concept,dkt,4,none,0.004964129909091338,5000.0,479,369,0.9957271845511282,353631
bridge2algebra2006,concept,dkt,4,isotonic,0.0023611981349997164,5000.0,479,369,0.9957271845511282,353631
bridge2algebra2006,concept,dkt,4,concept_aware_lambda0,0.007825581438134258,5000.0,479,369,0.9957271845511282,353631
bridge2algebra2006,concept,dkt,4,concept_aware_eb,0.0015171809803255136,5000.0,479,369,0.9957271845511282,353631
bridge2algebra2006,concept,dkt,4,difficulty_bucket,0.002361115786652589,5000.0,479,369,0.9957271845511282,353631
bridge2algebra2006,concept,sakt,0,none,0.014437186731399458,100000.0,413,346,0.9911998665275386,353631
bridge2algebra2006,concept,sakt,0,isotonic,0.001953266337681295,100000.0,413,346,0.9911998665275386,353631
bridge2algebra2006,concept,sakt,0,concept_aware_lambda0,0.008808588776994607,100000.0,413,346,0.9911998665275386,353631
bridge2algebra2006,concept,sakt,0,concept_aware_eb,0.0016135160501459286,100000.0,413,346,0.9911998665275386,353631
bridge2algebra2006,concept,sakt,0,difficulty_bucket,0.001951991611410607,100000.0,413,346,0.9911998665275386,353631
bridge2algebra2006,concept,sakt,1,none,0.012355029991690901,5000.0,407,364,0.9929898679697199,353631
bridge2algebra2006,concept,sakt,1,isotonic,0.002335086040603622,5000.0,407,364,0.9929898679697199,353631
bridge2algebra2006,concept,sakt,1,concept_aware_lambda0,0.00972753531192071,5000.0,407,364,0.9929898679697199,353631
bridge2algebra2006,concept,sakt,1,concept_aware_eb,0.0032905509056217193,5000.0,407,364,0.9929898679697199,353631
bridge2algebra2006,concept,sakt,1,difficulty_bucket,0.002278574451035417,5000.0,407,364,0.9929898679697199,353631
bridge2algebra2006,concept,sakt,2,none,0.01393281647838285,100000.0,420,373,0.9962927458282786,353631
bridge2algebra2006,concept,sakt,2,isotonic,0.0033995788639618763,100000.0,420,373,0.9962927458282786,353631
bridge2algebra2006,concept,sakt,2,concept_aware_lambda0,0.007036293470279674,100000.0,420,373,0.9962927458282786,353631
bridge2algebra2006,concept,sakt,2,concept_aware_eb,0.003134365167407959,100000.0,420,373,0.9962927458282786,353631
bridge2algebra2006,concept,sakt,2,difficulty_bucket,0.0033933173304652835,100000.0,420,373,0.9962927458282786,353631
bridge2algebra2006,concept,sakt,3,none,0.01188629075368337,1000.0,457,376,0.9958176743554722,353631
bridge2algebra2006,concept,sakt,3,isotonic,0.0043354742504960395,1000.0,457,376,0.9958176743554722,353631
bridge2algebra2006,concept,sakt,3,concept_aware_lambda0,0.00951165657046328,1000.0,457,376,0.9958176743554722,353631
bridge2algebra2006,concept,sakt,3,concept_aware_eb,0.0031917999079952583,1000.0,457,376,0.9958176743554722,353631
bridge2algebra2006,concept,sakt,3,difficulty_bucket,0.0043337240286892235,1000.0,457,376,0.9958176743554722,353631
bridge2algebra2006,concept,sakt,4,none,0.018230350742104457,inf,479,369,0.9957271845511282,353631
bridge2algebra2006,concept,sakt,4,isotonic,0.00311494737943093,inf,479,369,0.9957271845511282,353631
bridge2algebra2006,concept,sakt,4,concept_aware_lambda0,0.00832036171078351,inf,479,369,0.9957271845511282,353631
bridge2algebra2006,concept,sakt,4,concept_aware_eb,0.00311494737943093,inf,479,369,0.9957271845511282,353631
bridge2algebra2006,concept,sakt,4,difficulty_bucket,0.003234036911496452,inf,479,369,0.9957271845511282,353631
bridge2algebra2006,concept,akt,0,none,0.006051513949150985,1000.0,413,346,0.9911998665275386,353631
bridge2algebra2006,concept,akt,0,isotonic,0.0021906298246760097,1000.0,413,346,0.9911998665275386,353631
bridge2algebra2006,concept,akt,0,concept_aware_lambda0,0.007891385560146158,1000.0,413,346,0.9911998665275386,353631
bridge2algebra2006,concept,akt,0,concept_aware_eb,0.0027433901572895656,1000.0,413,346,0.9911998665275386,353631
bridge2algebra2006,concept,akt,0,difficulty_bucket,0.002288660297155771,1000.0,413,346,0.9911998665275386,353631
bridge2algebra2006,concept,akt,1,none,0.006429393982417059,100000.0,407,364,0.9929898679697199,353631
bridge2algebra2006,concept,akt,1,isotonic,0.0022825143252562115,100000.0,407,364,0.9929898679697199,353631
bridge2algebra2006,concept,akt,1,concept_aware_lambda0,0.00901905635170425,100000.0,407,364,0.9929898679697199,353631
bridge2algebra2006,concept,akt,1,concept_aware_eb,0.002240783644247566,100000.0,407,364,0.9929898679697199,353631
bridge2algebra2006,concept,akt,1,difficulty_bucket,0.002310830933410504,100000.0,407,364,0.9929898679697199,353631
bridge2algebra2006,concept,akt,2,none,0.007232700376614015,5000.0,420,373,0.9962927458282786,353631
bridge2algebra2006,concept,akt,2,isotonic,0.0026921142615031492,5000.0,420,373,0.9962927458282786,353631
bridge2algebra2006,concept,akt,2,concept_aware_lambda0,0.00748080425433066,5000.0,420,373,0.9962927458282786,353631
bridge2algebra2006,concept,akt,2,concept_aware_eb,0.0017543487162669136,5000.0,420,373,0.9962927458282786,353631
bridge2algebra2006,concept,akt,2,difficulty_bucket,0.002665300599654212,5000.0,420,373,0.9962927458282786,353631
bridge2algebra2006,concept,akt,3,none,0.006270554731012391,5000.0,457,376,0.9958176743554722,353631
bridge2algebra2006,concept,akt,3,isotonic,0.003962007178105647,5000.0,457,376,0.9958176743554722,353631
bridge2algebra2006,concept,akt,3,concept_aware_lambda0,0.00773136577450299,5000.0,457,376,0.9958176743554722,353631
bridge2algebra2006,concept,akt,3,concept_aware_eb,0.0029050262205315256,5000.0,457,376,0.9958176743554722,353631
bridge2algebra2006,concept,akt,3,difficulty_bucket,0.0039551109272003716,5000.0,457,376,0.9958176743554722,353631
bridge2algebra2006,concept,akt,4,none,0.008949604482249152,inf,479,369,0.9957271845511282,353631
bridge2algebra2006,concept,akt,4,isotonic,0.0023211518759223794,inf,479,369,0.9957271845511282,353631
bridge2algebra2006,concept,akt,4,concept_aware_lambda0,0.007034541210176927,inf,479,369,0.9957271845511282,353631
bridge2algebra2006,concept,akt,4,concept_aware_eb,0.0023211518759223794,inf,479,369,0.9957271845511282,353631
bridge2algebra2006,concept,akt,4,difficulty_bucket,0.0022760893927638135,inf,479,369,0.9957271845511282,353631
bridge2algebra2006,concept,simplekt,0,none,0.006857957417849884,inf,413,346,0.9911998665275386,353631
bridge2algebra2006,concept,simplekt,0,isotonic,0.001966161160496727,inf,413,346,0.9911998665275386,353631
bridge2algebra2006,concept,simplekt,0,concept_aware_lambda0,0.007551544555838133,inf,413,346,0.9911998665275386,353631
bridge2algebra2006,concept,simplekt,0,concept_aware_eb,0.001966161160496727,inf,413,346,0.9911998665275386,353631
bridge2algebra2006,concept,simplekt,0,difficulty_bucket,0.0019809008349614414,inf,413,346,0.9911998665275386,353631
bridge2algebra2006,concept,simplekt,1,none,0.012604301835641672,100000.0,407,364,0.9929898679697199,353631
bridge2algebra2006,concept,simplekt,1,isotonic,0.002886153837378595,100000.0,407,364,0.9929898679697199,353631
bridge2algebra2006,concept,simplekt,1,concept_aware_lambda0,0.008032170614265591,100000.0,407,364,0.9929898679697199,353631
bridge2algebra2006,concept,simplekt,1,concept_aware_eb,0.003046165792073812,100000.0,407,364,0.9929898679697199,353631
bridge2algebra2006,concept,simplekt,1,difficulty_bucket,0.0029308058279231396,100000.0,407,364,0.9929898679697199,353631
bridge2algebra2006,concept,simplekt,2,none,0.018963254434421147,100000.0,420,373,0.9962927458282786,353631
bridge2algebra2006,concept,simplekt,2,isotonic,0.0025381184057517553,100000.0,420,373,0.9962927458282786,353631
bridge2algebra2006,concept,simplekt,2,concept_aware_lambda0,0.00812298327585488,100000.0,420,373,0.9962927458282786,353631
bridge2algebra2006,concept,simplekt,2,concept_aware_eb,0.002353014593453029,100000.0,420,373,0.9962927458282786,353631
bridge2algebra2006,concept,simplekt,2,difficulty_bucket,0.002534380257308111,100000.0,420,373,0.9962927458282786,353631
bridge2algebra2006,concept,simplekt,3,none,0.029777768356392155,500.0,457,376,0.9958176743554722,353631
bridge2algebra2006,concept,simplekt,3,isotonic,0.004675632873497448,500.0,457,376,0.9958176743554722,353631
bridge2algebra2006,concept,simplekt,3,concept_aware_lambda0,0.00808237901077588,500.0,457,376,0.9958176743554722,353631
bridge2algebra2006,concept,simplekt,3,concept_aware_eb,0.00516504125860211,500.0,457,376,0.9958176743554722,353631
bridge2algebra2006,concept,simplekt,3,difficulty_bucket,0.004674408999997444,500.0,457,376,0.9958176743554722,353631
bridge2algebra2006,concept,simplekt,4,none,0.027680635515835095,100000.0,479,369,0.9957271845511282,353631
bridge2algebra2006,concept,simplekt,4,isotonic,0.003121219175740484,100000.0,479,369,0.9957271845511282,353631
bridge2algebra2006,concept,simplekt,4,concept_aware_lambda0,0.0069369531280721155,100000.0,479,369,0.9957271845511282,353631
bridge2algebra2006,concept,simplekt,4,concept_aware_eb,0.0036699185666442353,100000.0,479,369,0.9957271845511282,353631
bridge2algebra2006,concept,simplekt,4,difficulty_bucket,0.0031250031396918144,100000.0,479,369,0.9957271845511282,353631
ednet,concept,dkt,0,none,0.009849706467740596,5000.0,188,185,0.9998009105026346,301372
ednet,concept,dkt,0,isotonic,0.0018369696838323208,5000.0,188,185,0.9998009105026346,301372
ednet,concept,dkt,0,concept_aware_lambda0,0.01016125187108808,5000.0,188,185,0.9998009105026346,301372
ednet,concept,dkt,0,concept_aware_eb,0.0019028933975864173,5000.0,188,185,0.9998009105026346,301372
ednet,concept,dkt,0,difficulty_bucket,0.0018467574906016956,5000.0,188,185,0.9998009105026346,301372
ednet,concept,dkt,1,none,0.00951852281463831,5000.0,188,184,0.9997610926031616,301372
ednet,concept,dkt,1,isotonic,0.011274832545710859,5000.0,188,184,0.9997610926031616,301372
ednet,concept,dkt,1,concept_aware_lambda0,0.013124379258692897,5000.0,188,184,0.9997610926031616,301372
ednet,concept,dkt,1,concept_aware_eb,0.011082901362362342,5000.0,188,184,0.9997610926031616,301372
ednet,concept,dkt,1,difficulty_bucket,0.011267776451795945,5000.0,188,184,0.9997610926031616,301372
ednet,concept,dkt,2,none,0.010165024317318487,5000.0,187,184,0.9997610926031616,301372
ednet,concept,dkt,2,isotonic,0.003914295618960021,5000.0,187,184,0.9997610926031616,301372
ednet,concept,dkt,2,concept_aware_lambda0,0.009288435308547111,5000.0,187,184,0.9997610926031616,301372
ednet,concept,dkt,2,concept_aware_eb,0.003956444022195806,5000.0,187,184,0.9997610926031616,301372
ednet,concept,dkt,2,difficulty_bucket,0.003936911183609389,5000.0,187,184,0.9997610926031616,301372
ednet,concept,dkt,3,none,0.009153744619078944,100000.0,188,185,0.9999104097261856,301372
ednet,concept,dkt,3,isotonic,0.008757829669715323,100000.0,188,185,0.9999104097261856,301372
ednet,concept,dkt,3,concept_aware_lambda0,0.01062994004053595,100000.0,188,185,0.9999104097261856,301372
ednet,concept,dkt,3,concept_aware_eb,0.008753462449070092,100000.0,188,185,0.9999104097261856,301372
ednet,concept,dkt,3,difficulty_bucket,0.008748307833771498,100000.0,188,185,0.9999104097261856,301372
ednet,concept,dkt,4,none,0.00899190504171857,100000.0,187,184,0.9997610926031616,301372
ednet,concept,dkt,4,isotonic,0.0028837467999104104,100000.0,187,184,0.9997610926031616,301372
ednet,concept,dkt,4,concept_aware_lambda0,0.009110933138908501,100000.0,187,184,0.9997610926031616,301372
ednet,concept,dkt,4,concept_aware_eb,0.0026959353875363103,100000.0,187,184,0.9997610926031616,301372
ednet,concept,dkt,4,difficulty_bucket,0.002888663666230517,100000.0,187,184,0.9997610926031616,301372
ednet,concept,sakt,0,none,0.022107731149056148,5000.0,188,185,0.9998009105026346,301372
ednet,concept,sakt,0,isotonic,0.0022950971737941564,5000.0,188,185,0.9998009105026346,301372
ednet,concept,sakt,0,concept_aware_lambda0,0.010780149618752205,5000.0,188,185,0.9998009105026346,301372
ednet,concept,sakt,0,concept_aware_eb,0.00233869064146462,5000.0,188,185,0.9998009105026346,301372
ednet,concept,sakt,0,difficulty_bucket,0.0024641662105678807,5000.0,188,185,0.9998009105026346,301372
ednet,concept,sakt,1,none,0.030000731789846677,100000.0,188,184,0.9997610926031616,301372
ednet,concept,sakt,1,isotonic,0.010802616328181988,100000.0,188,184,0.9997610926031616,301372
ednet,concept,sakt,1,concept_aware_lambda0,0.012983538758904097,100000.0,188,184,0.9997610926031616,301372
ednet,concept,sakt,1,concept_aware_eb,0.010741531263332469,100000.0,188,184,0.9997610926031616,301372
ednet,concept,sakt,1,difficulty_bucket,0.010780290368534203,100000.0,188,184,0.9997610926031616,301372
ednet,concept,sakt,2,none,0.017771093862790237,5000.0,187,184,0.9997610926031616,301372
ednet,concept,sakt,2,isotonic,0.002514430315583374,5000.0,187,184,0.9997610926031616,301372
ednet,concept,sakt,2,concept_aware_lambda0,0.011234362388285506,5000.0,187,184,0.9997610926031616,301372
ednet,concept,sakt,2,concept_aware_eb,0.0037313050089088674,5000.0,187,184,0.9997610926031616,301372
ednet,concept,sakt,2,difficulty_bucket,0.0026248509607415555,5000.0,187,184,0.9997610926031616,301372
ednet,concept,sakt,3,none,0.01620315238169681,100000.0,188,185,0.9999104097261856,301372
ednet,concept,sakt,3,isotonic,0.0075220295444973495,100000.0,188,185,0.9999104097261856,301372
ednet,concept,sakt,3,concept_aware_lambda0,0.010497714605446129,100000.0,188,185,0.9999104097261856,301372
ednet,concept,sakt,3,concept_aware_eb,0.007505907607866828,100000.0,188,185,0.9999104097261856,301372
ednet,concept,sakt,3,difficulty_bucket,0.007512961133944195,100000.0,188,185,0.9999104097261856,301372
ednet,concept,sakt,4,none,0.013136369845166395,100000.0,187,184,0.9997610926031616,301372
ednet,concept,sakt,4,isotonic,0.0010084767981105253,100000.0,187,184,0.9997610926031616,301372
ednet,concept,sakt,4,concept_aware_lambda0,0.007076705507973212,100000.0,187,184,0.9997610926031616,301372
ednet,concept,sakt,4,concept_aware_eb,0.0009408006515651523,100000.0,187,184,0.9997610926031616,301372
ednet,concept,sakt,4,difficulty_bucket,0.0011106205023114005,100000.0,187,184,0.9997610926031616,301372
ednet,concept,akt,0,none,0.0038764627404491298,1000.0,188,185,0.9998009105026346,301372
ednet,concept,akt,0,isotonic,0.002542124349823638,1000.0,188,185,0.9998009105026346,301372
ednet,concept,akt,0,concept_aware_lambda0,0.01103377475647723,1000.0,188,185,0.9998009105026346,301372
ednet,concept,akt,0,concept_aware_eb,0.0049894596100571184,1000.0,188,185,0.9998009105026346,301372
ednet,concept,akt,0,difficulty_bucket,0.0025145886158566303,1000.0,188,185,0.9998009105026346,301372
ednet,concept,akt,1,none,0.0027033965110097495,5000.0,188,184,0.9997610926031616,301372
ednet,concept,akt,1,isotonic,0.00925790197228487,5000.0,188,184,0.9997610926031616,301372
ednet,concept,akt,1,concept_aware_lambda0,0.010094206233437658,5000.0,188,184,0.9997610926031616,301372
ednet,concept,akt,1,concept_aware_eb,0.00909895704434184,5000.0,188,184,0.9997610926031616,301372
ednet,concept,akt,1,difficulty_bucket,0.009245701588611587,5000.0,188,184,0.9997610926031616,301372
ednet,concept,akt,2,none,0.0023721344792033364,5000.0,187,184,0.9997610926031616,301372
ednet,concept,akt,2,isotonic,0.005096803283418817,5000.0,187,184,0.9997610926031616,301372
ednet,concept,akt,2,concept_aware_lambda0,0.009505596180384273,5000.0,187,184,0.9997610926031616,301372
ednet,concept,akt,2,concept_aware_eb,0.00474094103044578,5000.0,187,184,0.9997610926031616,301372
ednet,concept,akt,2,difficulty_bucket,0.004985864169529817,5000.0,187,184,0.9997610926031616,301372
ednet,concept,akt,3,none,0.0030752033198877793,100000.0,188,185,0.9999104097261856,301372
ednet,concept,akt,3,isotonic,0.0072080674241216,100000.0,188,185,0.9999104097261856,301372
ednet,concept,akt,3,concept_aware_lambda0,0.009209862695514194,100000.0,188,185,0.9999104097261856,301372
ednet,concept,akt,3,concept_aware_eb,0.007168931431298639,100000.0,188,185,0.9999104097261856,301372
ednet,concept,akt,3,difficulty_bucket,0.0072063741129064236,100000.0,188,185,0.9999104097261856,301372
ednet,concept,akt,4,none,0.004775786064855771,5000.0,187,184,0.9997610926031616,301372
ednet,concept,akt,4,isotonic,0.0021131437566381805,5000.0,187,184,0.9997610926031616,301372
ednet,concept,akt,4,concept_aware_lambda0,0.008064069753314319,5000.0,187,184,0.9997610926031616,301372
ednet,concept,akt,4,concept_aware_eb,0.002428134284919149,5000.0,187,184,0.9997610926031616,301372
ednet,concept,akt,4,difficulty_bucket,0.0021254349471214982,5000.0,187,184,0.9997610926031616,301372
ednet,concept,simplekt,0,none,0.02157612218570566,5000.0,188,185,0.9998009105026346,301372
ednet,concept,simplekt,0,isotonic,0.0023007895283413955,5000.0,188,185,0.9998009105026346,301372
ednet,concept,simplekt,0,concept_aware_lambda0,0.008743829986253396,5000.0,188,185,0.9998009105026346,301372
ednet,concept,simplekt,0,concept_aware_eb,0.002315711880328276,5000.0,188,185,0.9998009105026346,301372
ednet,concept,simplekt,0,difficulty_bucket,0.002319567748468445,5000.0,188,185,0.9998009105026346,301372
ednet,concept,simplekt,1,none,0.013841951968152195,5000.0,188,184,0.9997610926031616,301372
ednet,concept,simplekt,1,isotonic,0.009618704738760761,5000.0,188,184,0.9997610926031616,301372
ednet,concept,simplekt,1,concept_aware_lambda0,0.009983344478407463,5000.0,188,184,0.9997610926031616,301372
ednet,concept,simplekt,1,concept_aware_eb,0.009032571715959795,5000.0,188,184,0.9997610926031616,301372
ednet,concept,simplekt,1,difficulty_bucket,0.009618790623964254,5000.0,188,184,0.9997610926031616,301372
ednet,concept,simplekt,2,none,0.020684868006620435,5000.0,187,184,0.9997610926031616,301372
ednet,concept,simplekt,2,isotonic,0.0038440864548334266,5000.0,187,184,0.9997610926031616,301372
ednet,concept,simplekt,2,concept_aware_lambda0,0.0066189799217503285,5000.0,187,184,0.9997610926031616,301372
ednet,concept,simplekt,2,concept_aware_eb,0.003895904406204437,5000.0,187,184,0.9997610926031616,301372
ednet,concept,simplekt,2,difficulty_bucket,0.00403335013145136,5000.0,187,184,0.9997610926031616,301372
ednet,concept,simplekt,3,none,0.019687309464630702,100000.0,188,185,0.9999104097261856,301372
ednet,concept,simplekt,3,isotonic,0.008249321061150793,100000.0,188,185,0.9999104097261856,301372
ednet,concept,simplekt,3,concept_aware_lambda0,0.010035047770621816,100000.0,188,185,0.9999104097261856,301372
ednet,concept,simplekt,3,concept_aware_eb,0.008195170495058227,100000.0,188,185,0.9999104097261856,301372
ednet,concept,simplekt,3,difficulty_bucket,0.00824613315911163,100000.0,188,185,0.9999104097261856,301372
ednet,concept,simplekt,4,none,0.021461773818945675,1000.0,187,184,0.9997610926031616,301372
ednet,concept,simplekt,4,isotonic,0.0026910486801747274,1000.0,187,184,0.9997610926031616,301372
ednet,concept,simplekt,4,concept_aware_lambda0,0.00614151540587925,1000.0,187,184,0.9997610926031616,301372
ednet,concept,simplekt,4,concept_aware_eb,0.003292053544523945,1000.0,187,184,0.9997610926031616,301372
ednet,concept,simplekt,4,difficulty_bucket,0.0026910087498849804,1000.0,187,184,0.9997610926031616,301372
