dataset,granularity,fold,contrast_type,model_a,method_a,family_a,model_b,method_b,family_b,ece_a,ece_b,delta_ece,ci_low,ci_high,p,n_students,pairing,family_key,p_holm,reject_holm,family_size
algebra2005,concept,0,within_deep,akt,none,deep,sakt,temperature,deep,0.0039346539124985565,0.004736690243393066,-0.0008020363308945096,-0.0027908646344095736,0.0017324819043057118,0.6439356064393561,114,paired,concept|f0|within_deep,1.0,False,7
algebra2005,concept,1,within_deep,sakt,temperature,deep,simplekt,temperature,deep,0.0036054238488256543,0.00396058816085492,-0.00035516431202926553,-0.003559957039041438,0.001722418060728487,0.7835216478352165,114,paired,concept|f1|within_deep,1.0,False,7
algebra2005,concept,2,within_deep,dkt,temperature,deep,simplekt,isotonic,deep,0.0031933132737462316,0.004149508176719987,-0.0009561949029737557,-0.0030810277656927536,0.0032711059545856994,0.6375362463753624,114,paired,concept|f2|within_deep,1.0,False,7
algebra2005,concept,3,within_deep,akt,isotonic,deep,dkt,isotonic,deep,0.0022850928275744576,0.002485079011042532,-0.0001999861834680746,-0.0013957929291860086,0.0020458481606564637,0.8161183881611839,114,paired,concept|f3|within_deep,1.0,False,7
algebra2005,concept,4,within_deep,dkt,isotonic,deep,sakt,isotonic,deep,0.001642277179815256,0.0024134632663364492,-0.0007711860865211933,-0.002153035327854583,0.0007544097991529502,0.3137686231376862,114,paired,concept|f4|within_deep,1.0,False,7
algebra2005,question,0,within_deep,simplekt,isotonic,deep,dkt,platt,deep,0.008114021450333847,0.008312324445455863,-0.0001983029951220152,-0.0024389796692796564,0.002002544928190144,0.8913108689131087,114,paired,question|f0|within_deep,1.0,False,6
algebra2005,question,0,cross_family,simplekt,isotonic,deep,elorasch,temperature,classical,0.008114021450333847,0.0112363835379638,-0.003122362087629952,-0.01435431310021252,0.007381128719365075,0.46815318468153183,114,unpaired_shared_students,question|f0|cross_family,1.0,False,6
algebra2005,question,1,within_deep,dkt,temperature,deep,akt,isotonic,deep,0.006895630243694675,0.010154991167907343,-0.0032593609242126675,-0.004506259844991959,0.0012225108938219132,0.11358864113588642,114,paired,question|f1|within_deep,0.6815318468153185,False,6
algebra2005,question,1,cross_family,dkt,temperature,deep,bkt,temperature,classical,0.006895630243694675,0.012128590041425767,-0.005232959797731092,-0.012374719527835646,-0.0005910635099494748,0.031996800319968,114,unpaired_shared_students,question|f1|cross_family,0.19198080191980801,False,6
algebra2005,question,2,within_deep,dkt,platt,deep,simplekt,isotonic,deep,0.004320255758246756,0.004745092357259205,-0.0004248365990124495,-0.003322624508236032,0.002441390297404582,0.8691130886911309,114,paired,question|f2|within_deep,1.0,False,6
algebra2005,question,2,cross_family,pfa,isotonic,classical,dkt,platt,deep,0.003996781999085031,0.004320255758246756,-0.00032347375916172427,-0.0022539479253942942,0.007325238761891464,0.4881511848815118,114,unpaired_shared_students,question|f2|cross_family,1.0,False,6
algebra2005,question,3,within_deep,simplekt,isotonic,deep,akt,isotonic,deep,0.0029702847470003415,0.003602366896473805,-0.0006320821494734635,-0.0028433371322527435,0.0026346954471181626,0.958904109589041,114,paired,question|f3|within_deep,1.0,False,6
algebra2005,question,3,cross_family,simplekt,isotonic,deep,pfa,isotonic,classical,0.0029702847470003415,0.00524731946135073,-0.002277034714350388,-0.010351964609892303,0.0019185623304287806,0.30456954304569545,114,unpaired_shared_students,question|f3|cross_family,1.0,False,6
algebra2005,question,4,within_deep,dkt,isotonic,deep,akt,isotonic,deep,0.003709444454636354,0.0038247446275455413,-0.00011530017290918744,-0.002823247675680475,0.0019730381335681182,0.8465153484651535,114,paired,question|f4|within_deep,1.0,False,6
algebra2005,question,4,cross_family,dkt,isotonic,deep,pfa_recency,isotonic,classical,0.003709444454636354,0.005632288918054403,-0.0019228444634180495,-0.007642325318421202,0.000670326761636259,0.11898810118988101,114,unpaired_shared_students,question|f4|cross_family,0.5949405059494051,False,6
assist2009,concept,0,within_deep,akt,temperature,deep,dkt,none,deep,0.0049820333429126925,0.007414167955992682,-0.0024321346130799894,-0.005404313471522871,0.0025624109303210305,0.49475052494750527,770,paired,concept|f0|within_deep,1.0,False,7
assist2009,concept,1,within_deep,akt,temperature,deep,dkt,temperature,deep,0.003514278877891785,0.0064233160343548906,-0.0029090371564631057,-0.006087110472293694,0.0022556820052867833,0.38036196380361964,770,paired,concept|f1|within_deep,1.0,False,7
assist2009,concept,2,within_deep,akt,temperature,deep,dkt,none,deep,0.006410879677479532,0.010021374641505458,-0.0036104949640259256,-0.006684268815387167,0.001264923315155046,0.18498150184981502,770,paired,concept|f2|within_deep,1.0,False,7
assist2009,concept,3,within_deep,akt,temperature,deep,dkt,temperature,deep,0.005098444517861489,0.0068087943636340985,-0.0017103498457726098,-0.005389657909699765,0.0013319770126501856,0.2405759424057594,770,paired,concept|f3|within_deep,1.0,False,7
assist2009,concept,4,within_deep,akt,platt,deep,dkt,isotonic,deep,0.00595140028157385,0.006738685897324672,-0.0007872856157508223,-0.004242937395199864,0.0027641505442209764,0.7603239676032397,770,paired,concept|f4|within_deep,1.0,False,7
assist2009,question,0,within_deep,dkt,temperature,deep,akt,temperature,deep,0.005372816486357153,0.007884017843735165,-0.002511201357378012,-0.005944641139571068,0.0025989580247947827,0.41035896410358963,770,paired,question|f0|within_deep,1.0,False,6
assist2009,question,0,cross_family,dkt,temperature,deep,elorasch,isotonic,classical,0.005372816486357153,0.007594704742551078,-0.0022218882561939246,-0.007502755626572089,0.004371413926613369,0.5303469653034697,770,unpaired_shared_students,question|f0|cross_family,1.0,False,6
assist2009,question,1,within_deep,akt,temperature,deep,sakt,temperature,deep,0.005211433924377969,0.007715698232563059,-0.0025042643081850903,-0.0071362696791864065,0.004756952149452316,0.6485351464853515,770,paired,question|f1|within_deep,1.0,False,6
assist2009,question,1,cross_family,akt,temperature,deep,elorasch,isotonic,classical,0.005211433924377969,0.0057941857425661755,-0.0005827518181882067,-0.007463478759093082,0.005191305355561144,0.7173282671732827,770,unpaired_shared_students,question|f1|cross_family,1.0,False,6
assist2009,question,2,within_deep,sakt,temperature,deep,akt,temperature,deep,0.006322848983381692,0.006607801273302733,-0.00028495228992104094,-0.005319362086984276,0.005408828180336795,0.9895010498950105,770,paired,question|f2|within_deep,1.0,False,6
assist2009,question,2,cross_family,elorasch,platt,classical,sakt,temperature,deep,0.006294274959158302,0.006322848983381692,-2.8574024223389748e-05,-0.0061457379207778854,0.006271344610748155,0.9935006499350065,770,unpaired_shared_students,question|f2|cross_family,1.0,False,6
assist2009,question,3,within_deep,dkt,temperature,deep,akt,temperature,deep,0.0041669095931617765,0.00702242208868947,-0.0028555124955276937,-0.006816184681740468,0.0021562305567106943,0.31716828317168283,770,paired,question|f3|within_deep,1.0,False,6
assist2009,question,3,cross_family,dkt,temperature,deep,elorasch,isotonic,classical,0.0041669095931617765,0.008998661779268575,-0.004831752186106798,-0.010952164183489418,0.00456414914027741,0.4443555644435556,770,unpaired_shared_students,question|f3|cross_family,1.0,False,6
assist2009,question,4,within_deep,dkt,temperature,deep,sakt,temperature,deep,0.006456197985949169,0.0075853255952431625,-0.0011291276092939935,-0.005662910192047373,0.004445213393202363,0.7371262873712628,770,paired,question|f4|within_deep,1.0,False,6
assist2009,question,4,cross_family,dkt,temperature,deep,elorasch,platt,classical,0.006456197985949169,0.007226356411974962,-0.0007701584260257927,-0.007348100114838726,0.004912810809435771,0.797920207979202,770,unpaired_shared_students,question|f4|cross_family,1.0,False,6
assist2012,concept,0,within_deep,sakt,isotonic,deep,dkt,platt,deep,0.0014683367936787607,0.0014745746934751354,-6.237899796374645e-06,-0.0013606154609357834,0.0014043792927190448,0.9973002699730027,5497,paired,concept|f0|within_deep,1.0,False,7
assist2012,concept,1,within_deep,simplekt,isotonic,deep,akt,platt,deep,0.0015184862394203315,0.0019974084116476105,-0.000478922172227279,-0.0017632931221704057,0.00034848445083259926,0.18538146185381463,5497,paired,concept|f1|within_deep,1.0,False,7
assist2012,concept,2,within_deep,simplekt,isotonic,deep,dkt,isotonic,deep,0.001990736129650325,0.00205412019124708,-6.33840615967547e-05,-0.001659298177384077,0.001348224868919062,0.8083191680831917,5497,paired,concept|f2|within_deep,1.0,False,7
assist2012,concept,3,within_deep,dkt,isotonic,deep,akt,platt,deep,0.0019205243690118088,0.0020187438307270617,-9.821946171525292e-05,-0.0010297785240167463,0.0012820975593624893,0.8599140085991401,5497,paired,concept|f3|within_deep,1.0,False,7
assist2012,concept,4,within_deep,akt,platt,deep,dkt,platt,deep,0.0005990677770281811,0.0012198512727260625,-0.0006207834956978815,-0.0014379784705332462,0.0007148589753650169,0.49755024497550243,5497,paired,concept|f4|within_deep,1.0,False,7
assist2012,question,0,within_deep,sakt,isotonic,deep,dkt,platt,deep,0.001471787841390351,0.001480894172796246,-9.106331405894959e-06,-0.0013525445837517139,0.0014099330715722739,0.9853014698530147,5497,paired,question|f0|within_deep,1.0,False,6
assist2012,question,0,cross_family,pfa,isotonic,classical,sakt,isotonic,deep,0.0014185109745155512,0.001471787841390351,-5.327686687479991e-05,-0.0015890488805990538,0.0029332452345454353,0.8667133286671332,5497,unpaired_shared_students,question|f0|cross_family,1.0,False,6
assist2012,question,1,within_deep,simplekt,isotonic,deep,akt,platt,deep,0.0014993504645697084,0.002010390491820786,-0.0005110400272510774,-0.0017603991639993295,0.00033776588959032406,0.18238176182381763,5497,paired,question|f1|within_deep,0.9119088091190881,False,6
assist2012,question,1,cross_family,simplekt,isotonic,deep,pfa_recency,isotonic,classical,0.0014993504645697084,0.001698679699654692,-0.00019932923508498364,-0.002361700152826775,0.0008463255413369771,0.4383561643835616,5497,unpaired_shared_students,question|f1|cross_family,1.0,False,6
assist2012,question,2,within_deep,simplekt,isotonic,deep,dkt,isotonic,deep,0.0019473050027715994,0.002028849484316957,-8.154448154535743e-05,-0.0016466716670670565,0.0013459661404089547,0.8113188681131887,5497,paired,question|f2|within_deep,1.0,False,6
assist2012,question,2,cross_family,elorasch,isotonic,classical,simplekt,isotonic,deep,0.0016446149053240436,0.0019473050027715994,-0.0003026900974475559,-0.001344651849832182,0.0018167145373302266,0.8215178482151785,5497,unpaired_shared_students,question|f2|cross_family,1.0,False,6
assist2012,question,3,within_deep,dkt,isotonic,deep,akt,platt,deep,0.0019038974930571252,0.0020207078387291673,-0.00011681034567204217,-0.0010448449974694947,0.0012696052983122,0.8773122687731227,5497,paired,question|f3|within_deep,1.0,False,6
assist2012,question,3,cross_family,dkt,isotonic,deep,pfa_recency,isotonic,classical,0.0019038974930571252,0.0022403351144013174,-0.0003364376213441922,-0.0022195857253523225,0.000967840592554443,0.49375062493750627,5497,unpaired_shared_students,question|f3|cross_family,1.0,False,6
assist2012,question,4,within_deep,akt,platt,deep,dkt,platt,deep,0.0005830923339792169,0.0012045871482757441,-0.0006214948142965272,-0.0014476146973693112,0.0007113000124783251,0.4941505849415059,5497,paired,question|f4|within_deep,1.0,False,6
assist2012,question,4,cross_family,akt,platt,deep,elorasch,isotonic,classical,0.0005830923339792169,0.0022715455373944022,-0.0016884532034151852,-0.00277524936916883,0.00046440965095365344,0.1887811218878112,5497,unpaired_shared_students,question|f4|cross_family,0.7551244875512448,False,6
assist2015,concept,0,within_deep,akt,isotonic,deep,dkt,isotonic,deep,0.0035757968905397153,0.003941079160364768,-0.00036528226982505225,-0.002137304545986019,0.0018247749950926484,0.938906109389061,3818,paired,concept|f0|within_deep,1.0,False,7
assist2015,concept,1,within_deep,akt,platt,deep,dkt,isotonic,deep,0.003769844670262703,0.0038106940958486327,-4.08494255859297e-05,-0.0018104741391312912,0.0015396806033733381,0.9703029697030296,3818,paired,concept|f1|within_deep,1.0,False,7
assist2015,concept,2,within_deep,akt,platt,deep,dkt,platt,deep,0.003055995321078736,0.00407677770689845,-0.0010207823858197139,-0.0030862947811030024,0.0011102152243638761,0.39616038396160386,3818,paired,concept|f2|within_deep,1.0,False,7
assist2015,concept,3,within_deep,dkt,isotonic,deep,akt,platt,deep,0.002230945009480464,0.0026009370300525214,-0.0003699920205720575,-0.0024259270761345483,0.0023184090613541904,0.9955004499550045,3818,paired,concept|f3|within_deep,1.0,False,7
assist2015,concept,4,within_deep,dkt,temperature,deep,akt,temperature,deep,0.002510625399840724,0.0042781025504053175,-0.0017674771505645933,-0.004252008003124039,0.0017441893102032946,0.39516048395160486,3818,paired,concept|f4|within_deep,1.0,False,7
assist2017,concept,0,within_deep,simplekt,isotonic,deep,sakt,isotonic,deep,0.0035288128544684557,0.00375373684844051,-0.0002249239939720541,-0.0035829714489975122,0.0026463784979272632,0.8577142285771423,341,paired,concept|f0|within_deep,1.0,False,7
assist2017,concept,1,within_deep,sakt,isotonic,deep,simplekt,isotonic,deep,0.0031622774199812015,0.003924811663262659,-0.0007625342432814571,-0.003179316483069199,0.0021954042051943274,0.7115288471152885,341,paired,concept|f1|within_deep,1.0,False,7
assist2017,concept,2,within_deep,sakt,isotonic,deep,akt,isotonic,deep,0.003839658476414306,0.004938786011601032,-0.0010991275351867262,-0.0032331720650628157,0.0025420853521475337,0.6365363463653635,341,paired,concept|f2|within_deep,1.0,False,7
assist2017,concept,3,within_deep,dkt,isotonic,deep,sakt,isotonic,deep,0.0034239975599530594,0.003690997996583294,-0.00026700043663023445,-0.0030911367250511307,0.002372421290781583,0.8121187881211879,341,paired,concept|f3|within_deep,1.0,False,7
assist2017,concept,4,within_deep,simplekt,isotonic,deep,sakt,platt,deep,0.0024434476080915407,0.004285120774826231,-0.0018416731667346901,-0.003993531977083545,0.0012893518463244554,0.24137586241375864,341,paired,concept|f4|within_deep,1.0,False,7
assist2017,question,0,within_deep,simplekt,isotonic,deep,sakt,isotonic,deep,0.003402405035960566,0.0037562350960000167,-0.0003538300600394507,-0.003716785041263264,0.00255310552266736,0.793920607939206,341,paired,question|f0|within_deep,1.0,False,6
assist2017,question,0,cross_family,pfa_recency,isotonic,classical,simplekt,isotonic,deep,0.003381844216231654,0.003402405035960566,-2.0560819728912116e-05,-0.002855462469316365,0.006272229961128214,0.8289171082891711,341,unpaired_shared_students,question|f0|cross_family,1.0,False,6
assist2017,question,1,within_deep,sakt,isotonic,deep,simplekt,isotonic,deep,0.003147690235627464,0.003908353268306056,-0.000760663032678592,-0.0031846409292902245,0.0021842351770141252,0.7079292070792921,341,paired,question|f1|within_deep,1.0,False,6
assist2017,question,1,cross_family,sakt,isotonic,deep,pfa_recency,isotonic,classical,0.003147690235627464,0.00402151750080814,-0.0008738272651806762,-0.004982324949968223,0.0025008471824138068,0.6637336266373363,341,unpaired_shared_students,question|f1|cross_family,1.0,False,6
assist2017,question,2,within_deep,sakt,isotonic,deep,akt,isotonic,deep,0.0038339590599225292,0.0048001951187914005,-0.0009662360588688712,-0.0031305826825028414,0.0025721954260317986,0.6727327267273273,341,paired,question|f2|within_deep,1.0,False,6
assist2017,question,2,cross_family,sakt,isotonic,deep,pfa_recency,isotonic,classical,0.0038339590599225292,0.0046563078431081616,-0.0008223487831856323,-0.0049437612976719406,0.002243850400091265,0.5953404659534046,341,unpaired_shared_students,question|f2|cross_family,1.0,False,6
assist2017,question,3,within_deep,dkt,isotonic,deep,akt,platt,deep,0.0034324974075649085,0.003784090830760982,-0.00035159342319607354,-0.0031856190811431844,0.0034659463681320315,0.9275072492750724,341,paired,question|f3|within_deep,1.0,False,6
assist2017,question,3,cross_family,dkt,isotonic,deep,elorasch,isotonic,classical,0.0034324974075649085,0.006149792937502245,-0.002717295529937337,-0.006450839213550444,0.001515670657353899,0.22397760223977603,341,unpaired_shared_students,question|f3|cross_family,1.0,False,6
assist2017,question,4,within_deep,simplekt,isotonic,deep,sakt,platt,deep,0.002449257625436484,0.0043268601453398435,-0.0018776025199033594,-0.004003304481679405,0.0012641759083568255,0.23837616238376164,341,paired,question|f4|within_deep,1.0,False,6
assist2017,question,4,cross_family,simplekt,isotonic,deep,pfa_recency,isotonic,classical,0.002449257625436484,0.0026131227919506503,-0.0001638651665141662,-0.0057199244917370785,0.002323698653875651,0.6955304469553044,341,unpaired_shared_students,question|f4|cross_family,1.0,False,6
bridge2algebra2006,concept,0,within_deep,sakt,isotonic,deep,simplekt,isotonic,deep,0.001953266337780984,0.00196616116063288,-1.2894822851895835e-05,-0.0015744825474215667,0.0016129998602376757,0.9707029297070293,229,paired,concept|f0|within_deep,1.0,False,7
bridge2algebra2006,concept,1,within_deep,dkt,platt,deep,akt,isotonic,deep,0.001980628872831911,0.0022825143252820797,-0.0003018854524501689,-0.0016433700127487603,0.0011167162496916775,0.6947305269473053,229,paired,concept|f1|within_deep,1.0,False,7
bridge2algebra2006,concept,2,within_deep,simplekt,isotonic,deep,akt,isotonic,deep,0.002538118405439769,0.0026921142614853484,-0.00015399585604557956,-0.0012897142958307078,0.0011978835768047527,0.8915108489151085,229,paired,concept|f2|within_deep,1.0,False,7
bridge2algebra2006,concept,3,within_deep,akt,isotonic,deep,sakt,platt,deep,0.003962007178189468,0.004167771023618963,-0.00020576384542949494,-0.001436280609685057,0.0012247093659878724,0.8977102289771023,229,paired,concept|f3|within_deep,1.0,False,7
bridge2algebra2006,concept,4,within_deep,akt,isotonic,deep,dkt,platt,deep,0.002321151876079313,0.002348876277049416,-2.772440097010328e-05,-0.0015893231785498612,0.001452708172552022,0.8619138086191381,229,paired,concept|f4|within_deep,1.0,False,7
bridge2algebra2006,question,0,within_deep,simplekt,isotonic,deep,sakt,isotonic,deep,0.0019530895241924359,0.0019694806679368994,-1.639114374446353e-05,-0.0016221780490182523,0.0015591612916171771,0.9885011498850115,229,paired,question|f0|within_deep,1.0,False,6
bridge2algebra2006,question,0,cross_family,elorasch,isotonic,classical,simplekt,isotonic,deep,0.001884665163098247,0.0019530895241924359,-6.842436109418893e-05,-0.002866692651127034,0.004290674990732616,0.6603339666033397,229,unpaired_shared_students,question|f0|cross_family,1.0,False,6
bridge2algebra2006,question,1,within_deep,dkt,platt,deep,sakt,isotonic,deep,0.0019216631988144281,0.002237033489576136,-0.0003153702907617078,-0.0017211685637207928,0.0008487680101861219,0.48695130486951305,229,paired,question|f1|within_deep,1.0,False,6
bridge2algebra2006,question,1,cross_family,dkt,platt,deep,bkt,isotonic,classical,0.0019216631988144281,0.003150286514654936,-0.0012286233158405077,-0.0038699246866851014,-6.178953871408499e-05,0.0403959604039596,229,unpaired_shared_students,question|f1|cross_family,0.201979802019798,False,6
bridge2algebra2006,question,2,within_deep,simplekt,isotonic,deep,akt,isotonic,deep,0.0025949944205906892,0.0026591293209423483,-6.413490035165909e-05,-0.001220874969004119,0.0012555145281814362,0.9771022897710229,229,paired,question|f2|within_deep,1.0,False,6
bridge2algebra2006,question,2,cross_family,simplekt,isotonic,deep,pfa_recency,isotonic,classical,0.0025949944205906892,0.002894335264672131,-0.00029934084408144183,-0.00213437307284033,0.001445268023905767,0.7679232076792321,229,unpaired_shared_students,question|f2|cross_family,1.0,False,6
bridge2algebra2006,question,3,within_deep,akt,isotonic,deep,sakt,platt,deep,0.004053345809605732,0.004205637174324579,-0.00015229136471884685,-0.0013886327300515065,0.0012571916851275569,0.9331066893310669,229,paired,question|f3|within_deep,1.0,False,6
bridge2algebra2006,question,3,cross_family,akt,isotonic,deep,elorasch,isotonic,classical,0.004053345809605732,0.004762161901945351,-0.0007088160923396187,-0.004986665565395881,0.0030501691865338046,0.6345365463453655,229,unpaired_shared_students,question|f3|cross_family,1.0,False,6
bridge2algebra2006,question,4,within_deep,akt,isotonic,deep,dkt,isotonic,deep,0.0023065783381634257,0.002313137945425538,-6.559607262112289e-06,-0.0015063684783947545,0.0014599390575101147,0.9955004499550045,229,paired,question|f4|within_deep,1.0,False,6
bridge2algebra2006,question,4,cross_family,akt,isotonic,deep,pfa_recency,isotonic,classical,0.0023065783381634257,0.003731526485116972,-0.0014249481469535462,-0.003324024220893709,0.0001483426669563961,0.07339266073392661,229,unpaired_shared_students,question|f4|cross_family,0.4403559644035597,False,6
ednet,concept,0,within_deep,dkt,isotonic,deep,sakt,isotonic,deep,0.0018369696838786995,0.002295097173616935,-0.00045812748973823544,-0.0012439514572820044,0.0014609475800274002,0.8307169283071693,937,paired,concept|f0|within_deep,1.0,False,7
ednet,concept,1,within_deep,akt,none,deep,dkt,none,deep,0.0027033965110097495,0.00951852281463831,-0.00681512630362856,-0.008313420743315626,-0.0024530763324378973,0.00019998000199980003,937,paired,concept|f1|within_deep,0.0013998600139986002,True,7
ednet,concept,2,within_deep,akt,none,deep,sakt,isotonic,deep,0.0023721344792033364,0.002514430315596704,-0.0001422958363933675,-0.0024689974783646327,0.002111123597284809,0.9739026097390261,937,paired,concept|f2|within_deep,1.0,False,7
ednet,concept,3,within_deep,akt,none,deep,sakt,isotonic,deep,0.0030752033198877798,0.007522029544838902,-0.004446826224951122,-0.006547807728026725,0.001900663296774923,0.23177682231776822,937,paired,concept|f3|within_deep,1.0,False,7
ednet,concept,4,within_deep,sakt,isotonic,deep,akt,isotonic,deep,0.0010084767979243175,0.002113143756953946,-0.0011046669590296287,-0.0014526333623859449,0.0017311713991354136,0.9833016698330167,937,paired,concept|f4|within_deep,1.0,False,7
ednet,question,0,within_deep,akt,platt,deep,simplekt,isotonic,deep,0.006936032201123269,0.007508835601810948,-0.0005728034006876786,-0.004449103037177786,0.004794025216417068,0.7903209679032097,937,paired,question|f0|within_deep,1.0,False,6
ednet,question,0,cross_family,elorasch,isotonic,classical,akt,platt,deep,0.005777466784958086,0.006936032201123269,-0.0011585654161651833,-0.01612993833898215,0.0030901689179603053,0.30356964303569645,937,unpaired_shared_students,question|f0|cross_family,1.0,False,6
ednet,question,1,within_deep,simplekt,isotonic,deep,akt,isotonic,deep,0.02428916848986519,0.025427929863352954,-0.0011387613734877636,-0.0036347935263978397,0.0016909330077516846,0.43975602439756023,937,paired,question|f1|within_deep,1.0,False,6
ednet,question,1,cross_family,elorasch,isotonic,classical,simplekt,isotonic,deep,0.010547276058205228,0.02428916848986519,-0.013741892431659962,-0.029288994936639032,0.0020101389619199147,0.10318968103189681,937,unpaired_shared_students,question|f1|cross_family,0.41275872412758724,False,6
ednet,question,2,within_deep,sakt,platt,deep,simplekt,isotonic,deep,0.002736845153832918,0.005363536964829677,-0.0026266918109967585,-0.0058426141294317235,0.005134768249864937,0.9025097490250975,937,paired,question|f2|within_deep,1.0,False,6
ednet,question,2,cross_family,sakt,platt,deep,elorasch,isotonic,classical,0.002736845153832918,0.004776343418713842,-0.002039498264880924,-0.004823184217900746,0.0141518733173029,0.6219378062193781,937,unpaired_shared_students,question|f2|cross_family,1.0,False,6
ednet,question,3,within_deep,simplekt,isotonic,deep,akt,isotonic,deep,0.01922625549493296,0.01950422581327468,-0.00027797031834171995,-0.0046747289833649446,0.0029311583773418224,0.9383061693830617,937,paired,question|f3|within_deep,1.0,False,6
ednet,question,3,cross_family,bkt,none,classical,simplekt,isotonic,deep,0.011121558427722172,0.01922625549493296,-0.008104697067210788,-0.019447343120112735,0.013312990374765316,0.36376362363763626,937,unpaired_shared_students,question|f3|cross_family,1.0,False,6
ednet,question,4,within_deep,simplekt,isotonic,deep,akt,isotonic,deep,0.0041985368952779205,0.004329825294768161,-0.0001312883994902406,-0.0033051874378102206,0.0042160638310804075,0.9977002299770023,937,paired,question|f4|within_deep,1.0,False,6
ednet,question,4,cross_family,simplekt,isotonic,deep,elorasch,temperature,classical,0.0041985368952779205,0.006208905394492388,-0.0020103684992144677,-0.0060257181087460705,0.013932823065050889,0.8421157884211579,937,unpaired_shared_students,question|f4|cross_family,1.0,False,6
