dataset,model,fold,method,ece_none,ece_mismatched_fit,ece_coherent_fit,delta_ece,ratio,ci_low,ci_high,p,n_valid_coherent,n_valid_mismatched,n_test,n_students,family_key,p_holm,reject_holm,family_size
algebra2005,dkt,0,platt,0.018426915918016085,0.0434955082620405,0.008312324445455863,0.03518318381658464,5.232652857507071,0.026830328584489468,0.041008648870766516,0.00019998000199980003,112859,113319,92945,114,platt|f0,0.004599540045995401,True,23
algebra2005,dkt,0,isotonic,0.018426915918016085,0.04196261086060173,0.008396330527263539,0.033566280333338194,4.997732131238267,0.019481939289755588,0.04480396434332462,0.00019998000199980003,112859,113319,92945,114,isotonic|f0,0.004599540045995401,True,23
algebra2005,dkt,0,temperature,0.018426915918016085,0.03367934761688488,0.02273924571089163,0.010940101905993253,1.4811110291469858,0.0011218573581201876,0.021901655833657333,0.026597340265973404,112859,113319,92945,114,temperature|f0,0.265973402659734,False,23
algebra2005,dkt,1,platt,0.009144125020173149,0.04922903330875362,0.008111475930678711,0.041117557378074904,6.069059900993194,0.03235287083794684,0.04625917104936676,0.00019998000199980003,111871,112298,92945,114,platt|f1,0.004599540045995401,True,23
algebra2005,dkt,1,isotonic,0.009144125020173149,0.0444579450485072,0.008684374649873636,0.03577357039863356,5.119302982760433,0.02471150568270686,0.04372833469307714,0.00019998000199980003,111871,112298,92945,114,isotonic|f1,0.004599540045995401,True,23
algebra2005,dkt,1,temperature,0.009144125020173149,0.03351012432672724,0.006895630243694675,0.026614494083032562,4.859617343515294,0.014114639938268007,0.033729356552377875,0.00019998000199980003,111871,112298,92945,114,temperature|f1,0.004599540045995401,True,23
algebra2005,dkt,2,platt,0.009055900801549027,0.04422094345242929,0.004320255758246756,0.039900687694182535,10.23572351428912,0.03147283090068077,0.042812113132752655,0.00019998000199980003,100740,101122,92945,114,platt|f2,0.004599540045995401,True,23
algebra2005,dkt,2,isotonic,0.009055900801549027,0.04180358047940406,0.005416607061297115,0.03638697341810694,7.717669014261735,0.025699328118541313,0.04115479527351072,0.00019998000199980003,100740,101122,92945,114,isotonic|f2,0.004599540045995401,True,23
algebra2005,dkt,2,temperature,0.009055900801549027,0.03052181967560317,0.010364830873464292,0.020156988802138877,2.9447484525525787,0.0071857354317852555,0.030835266645865,0.00039996000399960006,100740,101122,92945,114,temperature|f2,0.005199480051994801,True,23
algebra2005,dkt,3,platt,0.009450445962666166,0.04567422682333041,0.005058809324899445,0.040615417498430964,9.028651583787116,0.031934512968210683,0.04520294703950658,0.00019998000199980003,94885,95275,92945,114,platt|f3,0.004599540045995401,True,23
algebra2005,dkt,3,isotonic,0.009450445962666166,0.04640031313335286,0.004145374683256566,0.0422549384500963,11.193273631154911,0.03385975454950987,0.04424981346842273,0.00019998000199980003,94885,95275,92945,114,isotonic|f3,0.004599540045995401,True,23
algebra2005,dkt,3,temperature,0.009450445962666166,0.03506193665498508,0.009977411878956946,0.025084524776028135,3.5141314281044305,0.01399059857507215,0.03358908681967018,0.00019998000199980003,94885,95275,92945,114,temperature|f3,0.004599540045995401,True,23
algebra2005,dkt,4,platt,0.011837706170316056,0.04384827766179773,0.004280790819193314,0.039567486842604416,10.243032073700027,0.030989946164183903,0.042890685352106585,0.00019998000199980003,89450,89796,92945,114,platt|f4,0.004599540045995401,True,23
algebra2005,dkt,4,isotonic,0.011837706170316056,0.046033606556848974,0.003709444454636354,0.04232416210221262,12.40983848654549,0.0333745289958255,0.044046152467025146,0.00019998000199980003,89450,89796,92945,114,isotonic|f4,0.004599540045995401,True,23
algebra2005,dkt,4,temperature,0.011837706170316056,0.03288675201432721,0.009965629811024418,0.022921122203302793,3.300017423680181,0.012036270948655612,0.030102407190295218,0.00019998000199980003,89450,89796,92945,114,temperature|f4,0.004599540045995401,True,23
algebra2005,sakt,0,platt,0.05898694281564368,0.05528278426257772,0.01407683863171134,0.04120594563086638,3.9272158834044197,0.03185353394032952,0.048490816142283365,0.00019998000199980003,112859,113319,92945,114,platt|f0,0.004599540045995401,True,23
algebra2005,sakt,0,isotonic,0.05898694281564368,0.057693944384943414,0.009451996387790278,0.04824194799715314,6.103889804641717,0.032367564559928036,0.06044354141387498,0.00019998000199980003,112859,113319,92945,114,isotonic|f0,0.004599540045995401,True,23
algebra2005,sakt,0,temperature,0.05898694281564368,0.04747079896683084,0.0179734262747916,0.02949737269203924,2.641165810072084,0.015889899183889885,0.04017223144681468,0.00019998000199980003,112859,113319,92945,114,temperature|f0,0.004599540045995401,True,23
algebra2005,sakt,1,platt,0.057574791543385795,0.056956422072662556,0.012470708716653602,0.044485713356008955,4.567216135567497,0.03477773820207222,0.051167843952479336,0.00019998000199980003,111871,112298,92945,114,platt|f1,0.004599540045995401,True,23
algebra2005,sakt,1,isotonic,0.057574791543385795,0.06333001011966521,0.010279013023199246,0.05305099709646597,6.1610983444356355,0.03677325510595885,0.06534098233410708,0.00019998000199980003,111871,112298,92945,114,isotonic|f1,0.004599540045995401,True,23
algebra2005,sakt,1,temperature,0.057574791543385795,0.04669612435567534,0.02318110634889518,0.023515018006780162,2.014404474612183,0.010368338820121887,0.03709115482244475,0.00019998000199980003,111871,112298,92945,114,temperature|f1,0.004599540045995401,True,23
algebra2005,sakt,2,platt,0.05358530528807384,0.055552823794978945,0.011679627669532825,0.04387319612544612,4.756386536181509,0.03534983390057077,0.04927140915918738,0.00019998000199980003,100740,101122,92945,114,platt|f2,0.004599540045995401,True,23
algebra2005,sakt,2,isotonic,0.05358530528807384,0.06301270972607463,0.006375238680334716,0.056637471045739914,9.883976567096356,0.0419919148955518,0.0637642553139083,0.00019998000199980003,100740,101122,92945,114,isotonic|f2,0.004599540045995401,True,23
algebra2005,sakt,2,temperature,0.05358530528807384,0.04863108517038201,0.023086909372561786,0.025544175797820225,2.1064354862578027,0.01210048148337076,0.038258720078665216,0.00019998000199980003,100740,101122,92945,114,temperature|f2,0.004599540045995401,True,23
algebra2005,sakt,3,platt,0.0507204863091078,0.060242061124736235,0.013258050853704567,0.04698401027103167,4.543809779391771,0.04070155269570484,0.051931983629980784,0.00019998000199980003,94885,95275,92945,114,platt|f3,0.004599540045995401,True,23
algebra2005,sakt,3,isotonic,0.0507204863091078,0.06812111436426418,0.006511678369181776,0.06160943599508241,10.461375777812554,0.05091380712325663,0.06616599086210151,0.00019998000199980003,94885,95275,92945,114,isotonic|f3,0.004599540045995401,True,23
algebra2005,sakt,3,temperature,0.0507204863091078,0.05538005924697803,0.03525089203851001,0.020129167208468024,1.5710257540852532,0.008695784242760917,0.031962433282090176,0.00039996000399960006,94885,95275,92945,114,temperature|f3,0.005199480051994801,True,23
algebra2005,sakt,4,platt,0.05168080047339848,0.056097972638656644,0.010565116140825033,0.04553285649783161,5.309735538248038,0.039114431826479036,0.04974693082275238,0.00019998000199980003,89450,89796,92945,114,platt|f4,0.004599540045995401,True,23
algebra2005,sakt,4,isotonic,0.05168080047339848,0.06688004081175769,0.004657631681734592,0.062222409130023096,14.359237780444303,0.05146130824976504,0.06555712877209373,0.00019998000199980003,89450,89796,92945,114,isotonic|f4,0.004599540045995401,True,23
algebra2005,sakt,4,temperature,0.05168080047339848,0.051086722133288756,0.026376528546296008,0.024710193586992748,1.9368250846058641,0.01219395725618969,0.03578322915615365,0.00019998000199980003,89450,89796,92945,114,temperature|f4,0.004599540045995401,True,23
algebra2005,akt,0,platt,0.02222141696702365,0.05476133803010814,0.018262230134676233,0.036499107895431905,2.998611759148056,0.028827657250107035,0.042070203050023264,0.00019998000199980003,112859,113319,92945,114,platt|f0,0.004599540045995401,True,23
algebra2005,akt,0,isotonic,0.02222141696702365,0.05784032022468987,0.009306129569640983,0.04853419065504889,6.215292812318029,0.0346087031377997,0.05945240868566996,0.00019998000199980003,112859,113319,92945,114,isotonic|f0,0.004599540045995401,True,23
algebra2005,akt,0,temperature,0.02222141696702365,0.04862494949971667,0.019987245281255214,0.028637704218461457,2.432798958309626,0.01636100114646215,0.038413447319561575,0.00019998000199980003,112859,113319,92945,114,temperature|f0,0.004599540045995401,True,23
algebra2005,akt,1,platt,0.024972267470009153,0.05663970575454045,0.015268883295469552,0.041370822459070894,3.7094857992231876,0.03307364313891579,0.045980655322123816,0.00019998000199980003,111871,112298,92945,114,platt|f1,0.004599540045995401,True,23
algebra2005,akt,1,isotonic,0.024972267470009153,0.06085812319005032,0.010154991167907343,0.05070313202214298,5.992927239797045,0.03690858672078038,0.06104920968524733,0.00019998000199980003,111871,112298,92945,114,isotonic|f1,0.004599540045995401,True,23
algebra2005,akt,1,temperature,0.024972267470009153,0.048740437848899684,0.01824112328297811,0.030499314565921573,2.672008576049827,0.017756369813052002,0.03966457454847318,0.00019998000199980003,111871,112298,92945,114,temperature|f1,0.004599540045995401,True,23
algebra2005,akt,2,platt,0.026762617677121008,0.0545044777357503,0.016819176366650736,0.03768530136909956,3.2406151494922444,0.030335076498912327,0.04214487305605011,0.00019998000199980003,100740,101122,92945,114,platt|f2,0.004599540045995401,True,23
algebra2005,akt,2,isotonic,0.026762617677121008,0.057118350013844015,0.006110668513372631,0.051007681500471386,9.347316073330733,0.03828112071363203,0.05736504077790185,0.00019998000199980003,100740,101122,92945,114,isotonic|f2,0.004599540045995401,True,23
algebra2005,akt,2,temperature,0.026762617677121008,0.050108138801474474,0.01796923818398705,0.03213890061748742,2.788551094287759,0.021836921386323087,0.03941206580027937,0.00019998000199980003,100740,101122,92945,114,temperature|f2,0.004599540045995401,True,23
algebra2005,akt,3,platt,0.03547684221851649,0.052559965529781975,0.01812057257919315,0.03443939295058883,2.900568693405068,0.0289866790476093,0.039313997793586575,0.00019998000199980003,94885,95275,92945,114,platt|f3,0.004599540045995401,True,23
algebra2005,akt,3,isotonic,0.03547684221851649,0.06222623829295203,0.003602366896473805,0.05862387139647822,17.273709225415793,0.048078592737191304,0.06167699417755985,0.00019998000199980003,94885,95275,92945,114,isotonic|f3,0.004599540045995401,True,23
algebra2005,akt,3,temperature,0.03547684221851649,0.051398327835120654,0.016938577330694544,0.03445975050442611,3.0343946148287966,0.0256058135112641,0.04033320576296321,0.00019998000199980003,94885,95275,92945,114,temperature|f3,0.004599540045995401,True,23
algebra2005,akt,4,platt,0.02655652267470019,0.051106879991639445,0.017204357100465792,0.03390252289117365,2.9705777259329134,0.028377682285604132,0.03886075184159646,0.00019998000199980003,89450,89796,92945,114,platt|f4,0.004599540045995401,True,23
algebra2005,akt,4,isotonic,0.02655652267470019,0.06071361873792564,0.0038247446275455413,0.0568888741103801,15.873901305899075,0.04685937523435009,0.059976231042956955,0.00019998000199980003,89450,89796,92945,114,isotonic|f4,0.004599540045995401,True,23
algebra2005,akt,4,temperature,0.02655652267470019,0.0487716723692751,0.016118439941207315,0.03265323242806778,3.0258308215417755,0.020886964791978362,0.04004864859690252,0.00019998000199980003,89450,89796,92945,114,temperature|f4,0.004599540045995401,True,23
algebra2005,simplekt,0,platt,0.05390192909785373,0.05695674702184658,0.008114205955853708,0.048842541065992874,7.019386410910256,0.036240182756343754,0.05566015959745414,0.00019998000199980003,112859,113319,92945,114,platt|f0,0.004599540045995401,True,23
algebra2005,simplekt,0,isotonic,0.05390192909785373,0.06742884319130119,0.008114021450333847,0.05931482174096734,8.31016329005722,0.042840692499353135,0.0715581916869787,0.00019998000199980003,112859,113319,92945,114,isotonic|f0,0.004599540045995401,True,23
algebra2005,simplekt,0,temperature,0.05390192909785373,0.05745177819070262,0.044530931305843215,0.012920846884859408,1.2901544276295873,0.0024807556104772368,0.02390464869534813,0.011998800119988001,112859,113319,92945,114,temperature|f0,0.131986801319868,False,23
algebra2005,simplekt,1,platt,0.04926466189682044,0.0618694344309112,0.017339394079326297,0.0445300403515849,3.568142816748016,0.036478785903103245,0.049912154473458106,0.00019998000199980003,111871,112298,92945,114,platt|f1,0.004599540045995401,True,23
algebra2005,simplekt,1,isotonic,0.04926466189682044,0.06831412823264194,0.011320260666461628,0.05699386756618031,6.034678020713359,0.04070241192921462,0.06824790295439975,0.00019998000199980003,111871,112298,92945,114,isotonic|f1,0.004599540045995401,True,23
algebra2005,simplekt,1,temperature,0.04926466189682044,0.05315704674280987,0.019294094374059136,0.03386295236875073,2.755094160536469,0.018996762341421676,0.041884080570452245,0.00019998000199980003,111871,112298,92945,114,temperature|f1,0.004599540045995401,True,23
algebra2005,simplekt,2,platt,0.0654253666146645,0.05519347764421759,0.009945991289896249,0.04524748635432134,5.549318920104678,0.03688863256341091,0.05041805238292204,0.00019998000199980003,100740,101122,92945,114,platt|f2,0.004599540045995401,True,23
algebra2005,simplekt,2,isotonic,0.0654253666146645,0.0696034672033599,0.004745092357259205,0.0648583748461007,14.668516851284913,0.048481526982068236,0.07171104943015068,0.00019998000199980003,100740,101122,92945,114,isotonic|f2,0.004599540045995401,True,23
algebra2005,simplekt,2,temperature,0.0654253666146645,0.05097647424331114,0.011276192323906085,0.039700281919405056,4.5207169919617725,0.026512188490308803,0.0470500840318272,0.00019998000199980003,100740,101122,92945,114,temperature|f2,0.004599540045995401,True,23
algebra2005,simplekt,3,platt,0.0668053633869497,0.05690426644745603,0.01067053552628573,0.0462337309211703,5.3328407283100665,0.039154789849458395,0.050411304622286386,0.00019998000199980003,94885,95275,92945,114,platt|f3,0.004599540045995401,True,23
algebra2005,simplekt,3,isotonic,0.0668053633869497,0.07199307989875632,0.0029702847470003415,0.06902279515175598,24.237770460041368,0.056117079187650486,0.07102457417198674,0.00019998000199980003,94885,95275,92945,114,isotonic|f3,0.004599540045995401,True,23
algebra2005,simplekt,3,temperature,0.0668053633869497,0.053387663179666,0.01347721352621928,0.03991044965344672,3.9613279908196772,0.026458753502605337,0.04790063741463093,0.00019998000199980003,94885,95275,92945,114,temperature|f3,0.004599540045995401,True,23
algebra2005,simplekt,4,platt,0.042425616224649035,0.06393484635621423,0.022666623861301905,0.04126822249491233,2.8206603130415204,0.03568266989051985,0.04643589146673182,0.00019998000199980003,89450,89796,92945,114,platt|f4,0.004599540045995401,True,23
algebra2005,simplekt,4,isotonic,0.042425616224649035,0.07718242537249759,0.005607125769904195,0.07157529960259339,13.76506048549297,0.06225106833208779,0.07432870511594379,0.00019998000199980003,89450,89796,92945,114,isotonic|f4,0.004599540045995401,True,23
algebra2005,simplekt,4,temperature,0.042425616224649035,0.0630127842337572,0.034192428007279736,0.02882035622647746,1.8428870924387546,0.016631284562687622,0.04247413290401235,0.00019998000199980003,89450,89796,92945,114,temperature|f4,0.004599540045995401,True,23
assist2009,dkt,0,platt,0.009353178704023097,0.03454689412827311,0.011849112771167111,0.022697781357105998,2.9155680087995584,0.011200144581093743,0.03095247836076472,0.00019998000199980003,43171,43342,52254,770,platt|f0,0.004599540045995401,True,23
assist2009,dkt,0,isotonic,0.009353178704023097,0.039177442190114646,0.011967688904565404,0.02720975328554924,3.2736013195638245,0.019094311242525034,0.03355110707004833,0.00019998000199980003,43171,43342,52254,770,isotonic|f0,0.004599540045995401,True,23
assist2009,dkt,0,temperature,0.009353178704023097,0.0332380129672835,0.005372816486357153,0.02786519648092635,6.186329470154554,0.016053750251834874,0.033347077820710745,0.00019998000199980003,43171,43342,52254,770,temperature|f0,0.004599540045995401,True,23
assist2009,dkt,1,platt,0.008750863091820481,0.0314641850583116,0.015137436368822659,0.01632674868948894,2.0785676181678827,0.0059520748641061945,0.026238507368414037,0.0025997400259974,43942,44092,52254,770,platt|f1,0.0363963603639636,True,23
assist2009,dkt,1,isotonic,0.008750863091820481,0.03522663255594955,0.015119137649297726,0.020107494906651827,2.3299366255578606,0.012383536283698373,0.026260413812428326,0.00019998000199980003,43942,44092,52254,770,isotonic|f1,0.004599540045995401,True,23
assist2009,dkt,1,temperature,0.008750863091820481,0.03050985052275414,0.00886008575060767,0.02164976477214647,3.4435163926784362,0.013086300151683801,0.027018651699220048,0.00019998000199980003,43942,44092,52254,770,temperature|f1,0.004599540045995401,True,23
assist2009,dkt,2,platt,0.011353559536112005,0.03972746882125065,0.013860738111534598,0.025866730709716054,2.8661871035706485,0.01454558920024216,0.03430871241544372,0.00019998000199980003,43884,44044,52254,770,platt|f2,0.004599540045995401,True,23
assist2009,dkt,2,isotonic,0.011353559536112005,0.04504970113587111,0.013669099759398588,0.03138060137647252,3.2957328521138254,0.023993154102405677,0.03543493754353748,0.00019998000199980003,43884,44044,52254,770,isotonic|f2,0.004599540045995401,True,23
assist2009,dkt,2,temperature,0.011353559536112005,0.03751754875419532,0.008059082870173392,0.029458465884021928,4.655312441698236,0.021395112980577696,0.03209497977760009,0.00019998000199980003,43884,44044,52254,770,temperature|f2,0.004599540045995401,True,23
assist2009,dkt,3,platt,0.013117269491331013,0.033805813823250715,0.013098877995793392,0.02070693582745732,2.5808175199514953,0.010377665322025904,0.02840741143744051,0.00039996000399960006,49836,50010,52254,770,platt|f3,0.005599440055994401,True,23
assist2009,dkt,3,isotonic,0.013117269491331013,0.03873253131130702,0.014107965306521099,0.024624566004785922,2.7454370966877666,0.01678731599452356,0.030207133777239246,0.00019998000199980003,49836,50010,52254,770,isotonic|f3,0.004599540045995401,True,23
assist2009,dkt,3,temperature,0.013117269491331013,0.03271107442299867,0.0041669095931617765,0.028544164829836894,7.850200176332142,0.019070689868263397,0.02916856168628973,0.00019998000199980003,49836,50010,52254,770,temperature|f3,0.004599540045995401,True,23
assist2009,dkt,4,platt,0.01750907490335706,0.032506177765954734,0.008555661616429915,0.02395051614952482,3.7993762754164218,0.013776923314018023,0.02970857417947467,0.00019998000199980003,44892,45066,52254,770,platt|f4,0.004599540045995401,True,23
assist2009,dkt,4,isotonic,0.01750907490335706,0.03455520184176351,0.006879966818793548,0.02767523502296996,5.022582630394576,0.018702768786900612,0.030973839602154257,0.00019998000199980003,44892,45066,52254,770,isotonic|f4,0.004599540045995401,True,23
assist2009,dkt,4,temperature,0.01750907490335706,0.02997237786170141,0.006456197985949169,0.02351617987575224,4.642419257732067,0.012717293558172778,0.027845779607852745,0.00019998000199980003,44892,45066,52254,770,temperature|f4,0.004599540045995401,True,23
assist2009,sakt,0,platt,0.04485981551651553,0.016478280866971035,0.013042891159063204,0.00343538970790783,1.263391733168045,-0.0013292058246981483,0.010225053816802781,0.1603839616038396,43171,43342,52254,770,platt|f0,1.0,False,23
assist2009,sakt,0,isotonic,0.04485981551651553,0.01653190953358274,0.013431905710181184,0.0031000038234015575,1.2307940429519098,-0.0019443401425451488,0.008547037856134273,0.2233776622337766,43171,43342,52254,770,isotonic|f0,1.0,False,23
assist2009,sakt,0,temperature,0.04485981551651553,0.020202177862016453,0.013458807548733577,0.006743370313282876,1.5010377248404447,-0.0012578856917063973,0.010723067593875797,0.10698930106989302,43171,43342,52254,770,temperature|f0,0.7489251074892511,False,23
assist2009,sakt,1,platt,0.04601402954797733,0.013386324366304679,0.01153048187675425,0.0018558424895504296,1.160950991414492,-0.004871840472252517,0.006795883742573564,0.6939306069393061,43942,44092,52254,770,platt|f1,1.0,False,23
assist2009,sakt,1,isotonic,0.04601402954797733,0.010573001470839543,0.011223355233209316,-0.0006503537623697726,0.9420535348961058,-0.003779810402558179,0.005053804031874518,0.9979002099790021,43942,44092,52254,770,isotonic|f1,1.0,False,23
assist2009,sakt,1,temperature,0.04601402954797733,0.012722312856044344,0.007715698232563059,0.005006614623481285,1.648886785430714,-0.0013578664565822016,0.008681129218362858,0.10838916108389161,43942,44092,52254,770,temperature|f1,1.0,False,23
assist2009,sakt,2,platt,0.04174694951582612,0.018196618382439966,0.014381905581567116,0.0038147128008728503,1.265243905213928,-0.000695865355091999,0.009883393280001512,0.0993900609939006,43884,44044,52254,770,platt|f2,0.993900609939006,False,23
assist2009,sakt,2,isotonic,0.04174694951582612,0.020985207853004156,0.015240506607162824,0.005744701245841331,1.3769363705496116,0.0003671261320856177,0.009411873993330185,0.038396160383961604,43884,44044,52254,770,isotonic|f2,0.4607539246075393,False,23
assist2009,sakt,2,temperature,0.04174694951582612,0.018503058741065635,0.006322848983381692,0.012180209757683944,2.926379989415708,0.005906358868677511,0.012654704561976994,0.0007999200079992001,43884,44044,52254,770,temperature|f2,0.009599040095990401,True,23
assist2009,sakt,3,platt,0.04857096872966642,0.014422455870857519,0.011410609519939472,0.0030118463509180467,1.2639513994107847,-0.0018082719599808452,0.008846905111078135,0.21277872212778723,49836,50010,52254,770,platt|f3,1.0,False,23
assist2009,sakt,3,isotonic,0.04857096872966642,0.015210727377659631,0.0144541839922199,0.0007565433854397306,1.0523407883728992,-0.002330012037268869,0.006560611397243085,0.41535846415358463,49836,50010,52254,770,isotonic|f3,1.0,False,23
assist2009,sakt,3,temperature,0.04857096872966642,0.017867513241989787,0.010138285781413322,0.007729227460576466,1.7623801130903787,0.003789786903777572,0.009771735375961465,0.0007999200079992001,49836,50010,52254,770,temperature|f3,0.009599040095990401,True,23
assist2009,sakt,4,platt,0.037117009224173984,0.013759257561317137,0.010167532948825782,0.0035917246124913555,1.3532542879938396,-0.0020145566608692116,0.007248526993918854,0.24117588241175883,44892,45066,52254,770,platt|f4,1.0,False,23
assist2009,sakt,4,isotonic,0.037117009224173984,0.017985733391544734,0.01102664777935845,0.006959085612186285,1.631115253832038,0.00018467655788517666,0.011098295556537623,0.045995400459954004,44892,45066,52254,770,isotonic|f4,0.551944805519448,False,23
assist2009,sakt,4,temperature,0.037117009224173984,0.012713623897759105,0.0075853255952431625,0.005128298302515943,1.676081499485263,-0.0025681545141184774,0.010005553796969692,0.1887811218878112,44892,45066,52254,770,temperature|f4,1.0,False,23
assist2009,akt,0,platt,0.022128878172005702,0.03997206046608281,0.012379491386301178,0.02759256907978163,3.2288935965749648,0.017510674819978613,0.033290633364960354,0.00019998000199980003,43171,43342,52254,770,platt|f0,0.004599540045995401,True,23
assist2009,akt,0,isotonic,0.022128878172005702,0.0467829490824423,0.010828724115282276,0.035954224967160026,4.320264195891632,0.027909296051538156,0.042129951941987126,0.00019998000199980003,43171,43342,52254,770,isotonic|f0,0.004599540045995401,True,23
assist2009,akt,0,temperature,0.022128878172005702,0.03998988091675976,0.007884017843735165,0.03210586307302459,5.072271741309756,0.020891401521241124,0.037673622762737204,0.00019998000199980003,43171,43342,52254,770,temperature|f0,0.004599540045995401,True,23
assist2009,akt,1,platt,0.0168642611091979,0.0337600422039119,0.014141267101871713,0.019618775102040187,2.38734209323035,0.010459889826372295,0.02689475394140515,0.00019998000199980003,43942,44092,52254,770,platt|f1,0.004599540045995401,True,23
assist2009,akt,1,isotonic,0.0168642611091979,0.03845665808286845,0.01298766452296114,0.02546899355990731,2.9610141234307514,0.017750428865686955,0.03173730864588472,0.00019998000199980003,43942,44092,52254,770,isotonic|f1,0.004599540045995401,True,23
assist2009,akt,1,temperature,0.0168642611091979,0.03355926656753665,0.005211433924377969,0.02834783264315868,6.439545632643178,0.017266841491875552,0.03195908338935412,0.00019998000199980003,43942,44092,52254,770,temperature|f1,0.004599540045995401,True,23
assist2009,akt,2,platt,0.01870813143491422,0.041217261667386804,0.014653087733599399,0.026564173933787405,2.8128721001837715,0.018160321151762925,0.03403771863312414,0.00019998000199980003,43884,44044,52254,770,platt|f2,0.004599540045995401,True,23
assist2009,akt,2,isotonic,0.01870813143491422,0.047980282166715904,0.013573417923260046,0.03440686424345586,3.5348710573844957,0.027506361274367796,0.038592055162293484,0.00019998000199980003,43884,44044,52254,770,isotonic|f2,0.004599540045995401,True,23
assist2009,akt,2,temperature,0.01870813143491422,0.04114264915493166,0.006607801273302733,0.03453484788162893,6.226375075951339,0.02525736242015309,0.03809129437009917,0.00019998000199980003,43884,44044,52254,770,temperature|f2,0.004599540045995401,True,23
assist2009,akt,3,platt,0.0189458491215981,0.037680915264079316,0.01428296633068283,0.023397948933396487,2.6381715388583356,0.01563298388036464,0.02887616397918945,0.00019998000199980003,49836,50010,52254,770,platt|f3,0.004599540045995401,True,23
assist2009,akt,3,isotonic,0.0189458491215981,0.041713101089322586,0.013989774837396511,0.027723326251926077,2.9816849501979097,0.020257075871044198,0.03262941892894121,0.00019998000199980003,49836,50010,52254,770,isotonic|f3,0.004599540045995401,True,23
assist2009,akt,3,temperature,0.0189458491215981,0.037480280588293884,0.00702242208868947,0.030457858499604414,5.337229821126927,0.020315494397812443,0.03402832123811355,0.00019998000199980003,49836,50010,52254,770,temperature|f3,0.004599540045995401,True,23
assist2009,akt,4,platt,0.02866362192368073,0.033910163985801045,0.010999248337076042,0.022910915648725,3.082952847923013,0.01297014096799377,0.02944675385908774,0.00019998000199980003,44892,45066,52254,770,platt|f4,0.004599540045995401,True,23
assist2009,akt,4,isotonic,0.02866362192368073,0.039990713872755386,0.007859862834236378,0.03213085103851901,5.087965873725158,0.023230003988361635,0.036070862881782684,0.00019998000199980003,44892,45066,52254,770,isotonic|f4,0.004599540045995401,True,23
assist2009,akt,4,temperature,0.02866362192368073,0.03823546494418836,0.010795859924292394,0.02743960501989597,3.5416784964162527,0.017722954542164673,0.032528806766020206,0.00019998000199980003,44892,45066,52254,770,temperature|f4,0.004599540045995401,True,23
assist2009,simplekt,0,platt,0.0797480231178476,0.03761693804941031,0.014284561245991447,0.023332376803418865,2.633398212350864,0.013903080229319274,0.030454187996203516,0.00019998000199980003,43171,43342,52254,770,platt|f0,0.004599540045995401,True,23
assist2009,simplekt,0,isotonic,0.0797480231178476,0.054536881319742644,0.010529476326666915,0.04400740499307573,5.179448590584009,0.034453399657007285,0.04756622246993503,0.00019998000199980003,43171,43342,52254,770,isotonic|f0,0.004599540045995401,True,23
assist2009,simplekt,0,temperature,0.0797480231178476,0.0346918286679096,0.010038345102244977,0.02465348356566462,3.455931063791691,0.015938815146255392,0.030438789476650262,0.00019998000199980003,43171,43342,52254,770,temperature|f0,0.004599540045995401,True,23
assist2009,simplekt,1,platt,0.12644144945841507,0.023812122427000815,0.01700033057556475,0.006811791851436065,1.4006858467344703,-0.0009378223944918265,0.015930887220808824,0.09959004099590041,43942,44092,52254,770,platt|f1,1.0,False,23
assist2009,simplekt,1,isotonic,0.12644144945841507,0.045179447613701414,0.015658279292490248,0.029521168321211166,2.8853392361809256,0.019659682926949914,0.03651707287208793,0.00019998000199980003,43942,44092,52254,770,isotonic|f1,0.004599540045995401,True,23
assist2009,simplekt,1,temperature,0.12644144945841507,0.048384410057322316,0.04744100496974309,0.000943405087579223,1.0198858579867967,-0.004424454393040834,0.006742665838076725,0.7197280271972802,43942,44092,52254,770,temperature|f1,1.0,False,23
assist2009,simplekt,2,platt,0.02520281126803681,0.043313019036691006,0.018652505247033588,0.024660513789657418,2.3221019623398482,0.014542777534363352,0.03528150772724875,0.00019998000199980003,43884,44044,52254,770,platt|f2,0.004599540045995401,True,23
assist2009,simplekt,2,isotonic,0.02520281126803681,0.0547186811079744,0.017391643073966262,0.037327038034008136,3.14626288472326,0.02917052669586534,0.04484823991173817,0.00019998000199980003,43884,44044,52254,770,isotonic|f2,0.004599540045995401,True,23
assist2009,simplekt,2,temperature,0.02520281126803681,0.0446241214547621,0.013967617726896852,0.03065650372786525,3.1948269438124237,0.02145496698393746,0.03701672119332642,0.00019998000199980003,43884,44044,52254,770,temperature|f2,0.004599540045995401,True,23
assist2009,simplekt,3,platt,0.05708103877215112,0.030878396495243512,0.01600245887617726,0.014875937619066252,1.9296032399878214,0.004841710492322665,0.023963650409417295,0.0027997200279972004,49836,50010,52254,770,platt|f3,0.033596640335966405,True,23
assist2009,simplekt,3,isotonic,0.05708103877215112,0.044651234468905,0.015927181770673034,0.02872405269823197,2.8034610963706093,0.01985023991814875,0.03693394826234173,0.00019998000199980003,49836,50010,52254,770,isotonic|f3,0.004599540045995401,True,23
assist2009,simplekt,3,temperature,0.05708103877215112,0.039092239470967245,0.02080434853241807,0.018287890938549173,1.8790417498559175,0.010521487476745715,0.024156427606804486,0.00019998000199980003,49836,50010,52254,770,temperature|f3,0.004599540045995401,True,23
assist2009,simplekt,4,platt,0.11281384391625562,0.027613357661561148,0.01175669602779302,0.01585666163376813,2.348734508086517,0.0054561870754802335,0.023991287212623814,0.0031996800319968005,44892,45066,52254,770,platt|f4,0.04159584041595841,True,23
assist2009,simplekt,4,isotonic,0.11281384391625562,0.04924587214742728,0.008853975863846675,0.04039189628358061,5.56200659508372,0.02968908116911607,0.04541718882820855,0.00019998000199980003,44892,45066,52254,770,isotonic|f4,0.004599540045995401,True,23
assist2009,simplekt,4,temperature,0.11281384391625562,0.026468451847217345,0.009984010196616062,0.016484441650601284,2.6510842162589587,0.007004361792346657,0.023442729551417973,0.0011998800119988001,44892,45066,52254,770,temperature|f4,0.014398560143985602,True,23
assist2012,dkt,0,platt,0.007334638034498787,0.001480792758218677,0.001480894172796246,-1.0141457756907002e-07,0.999931518011596,-1.298630747753886e-07,9.985686059231863e-08,0.44815518448155184,439766,439766,536087,5497,platt|f0,1.0,False,23
assist2012,dkt,0,isotonic,0.007334638034498787,0.0018353572210997107,0.001882218936421094,-4.686171532138333e-05,0.9751029413132526,-8.586368295404057e-05,1.970972114118906e-05,0.28617138286171384,439766,439766,536087,5497,isotonic|f0,1.0,False,23
assist2012,dkt,0,temperature,0.007334638034498787,0.003890550810788896,0.003890551738021839,-9.272329427705006e-10,0.9999997616705791,-6.872379006022961e-08,7.345335509590126e-08,0.7337266273372662,439766,439766,536087,5497,temperature|f0,1.0,False,23
assist2012,dkt,1,platt,0.004071635014464362,0.0023870747257562644,0.002386991240121594,8.34856346706124e-08,1.0000349752580853,-1.6351440264468498e-08,1.4566279689635528e-07,0.1151884811518848,432602,432602,536087,5497,platt|f1,1.0,False,23
assist2012,dkt,1,isotonic,0.004071635014464362,0.002340052181403122,0.0023431039466191416,-3.051765216019464e-06,0.9986975544894529,-4.0270753165575086e-05,4.292824521345871e-05,0.9009099090090991,432602,432602,536087,5497,isotonic|f1,1.0,False,23
assist2012,dkt,1,temperature,0.004071635014464362,0.003361276939590048,0.0033612260386068145,5.090098323346989e-08,1.0000151435763762,-3.964496532319131e-09,7.685697482255442e-08,0.14078592140785923,432602,432602,536087,5497,temperature|f1,1.0,False,23
assist2012,dkt,2,platt,0.0034123983607158266,0.00260294631595453,0.0026029264147804333,1.9901174096691177e-08,1.0000076456921654,-1.3388804848932538e-07,9.247285970989064e-08,0.8265173482651735,424912,424912,536087,5497,platt|f2,1.0,False,23
assist2012,dkt,2,isotonic,0.0034123983607158266,0.0020445993224719127,0.002028849484316957,1.5749838154955828e-05,1.007762940660065,-3.57788547497542e-05,0.00012574526830624668,0.204979502049795,424912,424912,536087,5497,isotonic|f2,1.0,False,23
assist2012,dkt,2,temperature,0.0034123983607158266,0.0028008871956846566,0.002800887393813081,-1.9812842425720456e-10,0.9999999292622671,-3.033059993375227e-10,3.263413125885806e-11,0.27717228277172284,424912,424912,536087,5497,temperature|f2,1.0,False,23
assist2012,dkt,3,platt,0.002799101078743443,0.0028146349135282833,0.00281459321092685,4.1702601433300096e-08,1.0000148165643516,7.030845142446795e-09,5.989094682574146e-08,0.025397460253974602,419158,419158,536087,5497,platt|f3,0.2793720627937206,False,23
assist2012,dkt,3,isotonic,0.002799101078743443,0.0019235782840258146,0.0019038974930571252,1.968079096868942e-05,1.010337106404341,-1.9297368388694277e-05,5.184716766915986e-05,0.282971702829717,419158,419158,536087,5497,isotonic|f3,1.0,False,23
assist2012,dkt,3,temperature,0.002799101078743443,0.002472039861835045,0.002471988232466199,5.162936884571187e-08,1.0000208857664319,1.8591136087103268e-08,5.830299881205659e-08,0.017998200179982,419158,419158,536087,5497,temperature|f3,0.161983801619838,False,23
assist2012,dkt,4,platt,0.010044972737632428,0.001204611208890531,0.0012045871482757441,2.4060614786788545e-08,1.0000199741586329,-8.37458256933057e-08,9.369954349678993e-08,0.8695130486951305,423475,423475,536087,5497,platt|f4,1.0,False,23
assist2012,dkt,4,isotonic,0.010044972737632428,0.0020211130518542476,0.002043531612645796,-2.241856079154836e-05,0.9890295013530411,-4.640137548410541e-05,1.3734867985370762e-05,0.1967803219678032,423475,423475,536087,5497,isotonic|f4,1.0,False,23
assist2012,dkt,4,temperature,0.010044972737632428,0.0035494621583287813,0.003549446665979618,1.5492349163086228e-08,1.0000043647223416,-6.405968389031632e-08,8.346891693860681e-08,0.5115488451154885,423475,423475,536087,5497,temperature|f4,1.0,False,23
assist2012,sakt,0,platt,0.0070240975811770206,0.003319870939608343,0.0033198687172426304,2.2223657124634255e-09,1.0000006694137333,-1.4353561045418393e-08,5.930149991613225e-09,0.8823117688231177,439766,439766,536087,5497,platt|f0,1.0,False,23
assist2012,sakt,0,isotonic,0.0070240975811770206,0.0014712029328827465,0.001471787841390351,-5.849085076045212e-07,0.9996025863978792,-4.164303041852005e-05,3.0233223549186358e-05,0.6631336866313369,439766,439766,536087,5497,isotonic|f0,1.0,False,23
assist2012,sakt,0,temperature,0.0070240975811770206,0.007857275741313265,0.007857277967548345,-2.2262350799634456e-09,0.999999716665862,-2.268970367451037e-09,1.2327569486698595e-09,0.08859114088591141,439766,439766,536087,5497,temperature|f0,0.7087291270872913,False,23
assist2012,sakt,1,platt,0.012004608766860162,0.0044285269102757084,0.0044284085881253045,1.1832215040391558e-07,1.0000267188873948,4.5164340737690985e-09,1.5497568602140365e-07,0.033596640335966405,432602,432602,536087,5497,platt|f1,0.4367563243675633,False,23
assist2012,sakt,1,isotonic,0.012004608766860162,0.0031615946616656123,0.0031809003730559307,-1.9305711390318458e-05,0.9939307400024694,-0.00014972873364765558,0.00010747090527675441,0.8155184481551845,432602,432602,536087,5497,isotonic|f1,1.0,False,23
assist2012,sakt,1,temperature,0.012004608766860162,0.005231844133806646,0.005231743363758817,1.0077004782872712e-07,1.0000192612750325,-1.4670085004596726e-07,1.6073614080862243e-07,0.8605139486051395,432602,432602,536087,5497,temperature|f1,1.0,False,23
assist2012,sakt,2,platt,0.009292452157952068,0.005448822579124632,0.0054487190041070015,1.0357501763029464e-07,1.0000190090583772,2.1592923076137193e-08,1.0508168016448196e-07,0.0321967803219678,424912,424912,536087,5497,platt|f2,0.38636136386361364,False,23
assist2012,sakt,2,isotonic,0.009292452157952068,0.0036977369164664514,0.003684489707029367,1.3247209437084514e-05,1.0035953986821597,-6.334142614821093e-05,0.00015652766467978018,0.5973402659734026,424912,424912,536087,5497,isotonic|f2,1.0,False,23
assist2012,sakt,2,temperature,0.009292452157952068,0.006616117838066867,0.006616021288404559,9.654966230850104e-08,1.0000145933119167,-2.4233938732153883e-08,9.714916837497059e-08,0.3007699230076992,424912,424912,536087,5497,temperature|f2,1.0,False,23
assist2012,sakt,3,platt,0.007879482621289723,0.005703307290733251,0.005703230962405455,7.63283277962698e-08,1.0000133833485438,5.761549489299508e-08,8.266176560606242e-08,0.000999900009999,419158,419158,536087,5497,platt|f3,0.012998700129987,True,23
assist2012,sakt,3,isotonic,0.007879482621289723,0.003614341087603476,0.0035961631956297445,1.817789197373172e-05,1.0050548017386483,-1.3874407252267514e-05,6.538672442165629e-05,0.15958404159584041,419158,419158,536087,5497,isotonic|f3,1.0,False,23
assist2012,sakt,3,temperature,0.007879482621289723,0.007231108652656472,0.007231067377073109,4.127558336352449e-08,1.0000057080899971,-1.8470953391976076e-08,8.186861943752788e-08,0.28317168283171684,419158,419158,536087,5497,temperature|f3,1.0,False,23
assist2012,sakt,4,platt,0.025632309308004777,0.004082091782243082,0.0040820768612005835,1.4921042498783343e-08,1.0000036552576068,-1.0520351627790227e-07,1.7789558315017525e-07,0.21277872212778723,423475,423475,536087,5497,platt|f4,1.0,False,23
assist2012,sakt,4,isotonic,0.025632309308004777,0.001438317561989405,0.0013729054773294672,6.541208465993785e-05,1.0476450023254154,-6.826163616096318e-05,0.00016413981128517058,0.5947405259474052,423475,423475,536087,5497,isotonic|f4,1.0,False,23
assist2012,sakt,4,temperature,0.025632309308004777,0.005553319036547987,0.0055532770898595015,4.1946688485519634e-08,1.0000075535017985,2.5550386959513964e-08,1.714742345250474e-07,0.020397960203979604,423475,423475,536087,5497,temperature|f4,0.20397960203979604,False,23
assist2012,akt,0,platt,0.014994977494324442,0.0015217708802994037,0.001521877509248502,-1.0662894909824888e-07,0.999929935918988,-8.591245942319529e-07,5.541090054665947e-07,0.8117188281171883,439766,439766,536087,5497,platt|f0,1.0,False,23
assist2012,akt,0,isotonic,0.014994977494324442,0.001850912333464551,0.001847153612434447,3.7587210301040855e-06,1.0020348719266234,-3.578670893884421e-05,1.9410140450782798e-05,0.9641035896410359,439766,439766,536087,5497,isotonic|f0,1.0,False,23
assist2012,akt,0,temperature,0.014994977494324442,0.004804636824770198,0.004804895151115772,-2.5832634557420436e-07,0.9999462368402536,-2.621887266483335e-07,-9.914403950525576e-08,0.008599140085991401,439766,439766,536087,5497,temperature|f0,0.10318968103189682,False,23
assist2012,akt,1,platt,0.014901956212330947,0.002010900201000284,0.002010390491820786,5.09709179498212e-07,1.0002535374006054,-2.8885092959031836e-07,8.022666167837852e-07,0.40995900409959,432602,432602,536087,5497,platt|f1,1.0,False,23
assist2012,akt,1,isotonic,0.014901956212330947,0.0027967693189421042,0.0027338404316571913,6.292888728491293e-05,1.0230184931630288,-6.867598341221962e-05,0.0001796635141167438,0.47855214478552144,432602,432602,536087,5497,isotonic|f1,1.0,False,23
assist2012,akt,1,temperature,0.014901956212330947,0.0041952084797871525,0.004195209874156271,-1.3943691184320484e-09,0.9999996676282807,-1.7353652345920236e-07,3.722404464510769e-07,0.6791320867913209,432602,432602,536087,5497,temperature|f1,1.0,False,23
assist2012,akt,2,platt,0.014592956740231451,0.002406278493774691,0.002406040254656773,2.3823911791780172e-07,1.0000990170956021,-3.628276249967874e-07,8.278478519690904e-07,0.1685831416858314,424912,424912,536087,5497,platt|f2,1.0,False,23
assist2012,akt,2,isotonic,0.014592956740231451,0.0021173214578805717,0.002122681980783147,-5.360522902575233e-06,0.9974746462488943,-0.00014131432194011595,0.00012952347377598357,0.8929107089291071,424912,424912,536087,5497,isotonic|f2,1.0,False,23
assist2012,akt,2,temperature,0.014592956740231451,0.0026188794875152354,0.002619030509063254,-1.5102154801846165e-07,0.9999423368504124,-5.058327090671664e-07,5.820921679066748e-07,0.8065193480651934,424912,424912,536087,5497,temperature|f2,1.0,False,23
assist2012,akt,3,platt,0.014001369367284787,0.00202169646563708,0.0020207078387291673,9.886269079126785e-07,1.0004892478214635,-1.9096602084001648e-05,1.4102436686026107e-05,0.34696530346965304,419158,419158,536087,5497,platt|f3,1.0,False,23
assist2012,akt,3,isotonic,0.014001369367284787,0.0022042571915994254,0.002215162813011216,-1.0905621411790804e-05,0.9950768307648835,-4.1885098120265334e-05,2.3575239130704096e-05,0.8257174282571743,419158,419158,536087,5497,isotonic|f3,1.0,False,23
assist2012,akt,3,temperature,0.014001369367284787,0.0021866259351072705,0.0021856281064016633,9.978287056071518e-07,1.0004565409379045,-3.1821439485281256e-07,1.0673750047749493e-06,0.2683731626837316,419158,419158,536087,5497,temperature|f3,1.0,False,23
assist2012,akt,4,platt,0.012414885083951504,0.0005826825317058687,0.0005830923339792169,-4.0980227334816693e-07,0.9992971914575663,-8.848704615257465e-07,7.766227300645895e-07,0.8115188481151885,423475,423475,536087,5497,platt|f4,1.0,False,23
assist2012,akt,4,isotonic,0.012414885083951504,0.0018871485533956784,0.0018426502845407154,4.449826885496305e-05,1.0241490581410322,-0.00010162386080140292,0.00014812224125321837,0.9567043295670433,423475,423475,536087,5497,isotonic|f4,1.0,False,23
assist2012,akt,4,temperature,0.012414885083951504,0.004292930869538626,0.004293165360929831,-2.3449139120463453e-07,0.9999453803029954,-3.8821620119704363e-07,1.1590798441253775e-07,0.195980401959804,423475,423475,536087,5497,temperature|f4,1.0,False,23
assist2012,simplekt,0,platt,0.01743641162721648,0.002962219938024578,0.0029623073003907847,-8.736236620666277e-08,0.9999705086753845,-9.256859062776665e-08,-3.1417380194371394e-09,0.039996000399960006,439766,439766,536087,5497,platt|f0,0.47995200479952005,False,23
assist2012,simplekt,0,isotonic,0.01743641162721648,0.0017547487787179157,0.001782743790492161,-2.7995011774245267e-05,0.9842966712751715,-7.18021736455318e-05,2.749910229356578e-05,0.33636636336366366,439766,439766,536087,5497,isotonic|f0,1.0,False,23
assist2012,simplekt,0,temperature,0.01743641162721648,0.01716946957749,0.01716950424317908,-3.466568907969925e-08,0.9999979809732076,-6.085822782360765e-08,-3.380974150342733e-08,0.00039996000399960006,439766,439766,536087,5497,temperature|f0,0.005599440055994401,True,23
assist2012,simplekt,1,platt,0.019074716417297872,0.0015951639113000317,0.0015951305336626938,3.337763733782771e-08,1.0000209247059306,-5.541251097120276e-08,6.595938845133662e-08,0.8173182681731826,432602,432602,536087,5497,platt|f1,1.0,False,23
assist2012,simplekt,1,isotonic,0.019074716417297872,0.0015094050689141549,0.0014993504645697084,1.0054604344446457e-05,1.0067059734078463,-5.3620679703771184e-05,6.551990777682789e-05,0.5955404459554045,432602,432602,536087,5497,isotonic|f1,1.0,False,23
assist2012,simplekt,1,temperature,0.019074716417297872,0.018954696678492006,0.01895473480904086,-3.813054885379308e-08,0.9999979883364638,-3.9260142834472714e-08,-3.700489525602924e-08,0.0005999400059994001,432602,432602,536087,5497,temperature|f1,0.007199280071992801,True,23
assist2012,simplekt,2,platt,0.00825488418857309,0.0053287875972180794,0.005328788126794586,-5.295765067789282e-10,0.9999999006197104,-1.6941684992974152e-08,4.710666517459064e-08,0.8565143485651435,424912,424912,536087,5497,platt|f2,1.0,False,23
assist2012,simplekt,2,isotonic,0.00825488418857309,0.001980295672471708,0.0019473050027715994,3.299066970010862e-05,1.0169417064369233,-6.271140611643767e-05,0.00013034447059052655,0.47215278472152783,424912,424912,536087,5497,isotonic|f2,1.0,False,23
assist2012,simplekt,2,temperature,0.00825488418857309,0.005922472539197056,0.005922478362593447,-5.823396390970681e-09,0.9999990167298157,-1.7692001890649672e-08,5.3432714461386715e-08,0.9927007299270073,424912,424912,536087,5497,temperature|f2,1.0,False,23
assist2012,simplekt,3,platt,0.015157823450299536,0.0031559164129343863,0.003155915175022478,1.2379119083971712e-09,1.0000003922513248,-2.384214707448675e-08,2.1131292987099612e-08,0.7401259874012599,419158,419158,536087,5497,platt|f3,1.0,False,23
assist2012,simplekt,3,isotonic,0.015157823450299536,0.0025994213678106628,0.002641907546108689,-4.248617829802608e-05,0.983918370512017,-0.0001342963406631566,4.2822295978771715e-05,0.34996500349965004,419158,419158,536087,5497,isotonic|f3,1.0,False,23
assist2012,simplekt,3,temperature,0.015157823450299536,0.014940174535769141,0.014940158211925368,1.6323843773230484e-08,1.0000010926151879,-1.0803584913699274e-08,1.7262122662927218e-08,0.32796720327967205,419158,419158,536087,5497,temperature|f3,1.0,False,23
assist2012,simplekt,4,platt,0.01586541214392443,0.005434109748659074,0.005434112621425569,-2.8727664943065112e-09,0.9999994713457938,-3.921079429073174e-09,2.372439913533169e-09,0.24477552244775522,423475,423475,536087,5497,platt|f4,1.0,False,23
assist2012,simplekt,4,isotonic,0.01586541214392443,0.0013866857748019595,0.001476671828047621,-8.998605324566158e-05,0.9390615764880972,-0.00024690139003296014,0.00013270817250867937,0.9531046895310469,423475,423475,536087,5497,isotonic|f4,1.0,False,23
assist2012,simplekt,4,temperature,0.01586541214392443,0.011029716589687872,0.011029707376120447,9.213567424629088e-09,1.0000008353410577,-2.5421155352587863e-08,1.3419639223553187e-08,0.6321367863213678,423475,423475,536087,5497,temperature|f4,1.0,False,23
assist2017,dkt,0,platt,0.013515952904644959,0.004968028125780108,0.004968037676631675,-9.55085156708474e-09,0.9999980775404317,-1.1830621632665916e-07,1.999761672660848e-07,0.8663133686631337,153067,153067,177767,341,platt|f0,1.0,False,23
assist2017,dkt,0,isotonic,0.013515952904644959,0.005628042910970308,0.005629051044179325,-1.0081332090169925e-06,0.9998209052998268,-7.166313839487939e-05,7.095957242504295e-05,0.8925107489251075,153067,153067,177767,341,isotonic|f0,1.0,False,23
assist2017,dkt,0,temperature,0.013515952904644959,0.014520557893162086,0.014520677505085391,-1.196119233052434e-07,0.999991762648591,-1.5301913669526872e-07,-1.7303601601223525e-08,0.048595140485951406,153067,153067,177767,341,temperature|f0,0.4373562643735627,False,23
assist2017,dkt,1,platt,0.022204078934785508,0.004814491880813023,0.004814435452441862,5.642837116060645e-08,1.0000117206621042,-4.069647441011167e-08,6.70536245620315e-08,0.2643735626437356,141938,141938,177767,341,platt|f1,1.0,False,23
assist2017,dkt,1,isotonic,0.022204078934785508,0.004955120236703584,0.004971664966661542,-1.6544729957958075e-05,0.9966721953170815,-0.0001265626291941437,6.763000259026702e-05,0.7375262473752625,141938,141938,177767,341,isotonic|f1,1.0,False,23
assist2017,dkt,1,temperature,0.022204078934785508,0.024969896773578484,0.024969902432035423,-5.658456939117151e-09,0.9999997733889047,-7.21820367201656e-09,-1.1331862897687173e-09,0.00019998000199980003,141938,141938,177767,341,temperature|f1,0.004599540045995401,True,23
assist2017,dkt,2,platt,0.011071386702818787,0.005984593644495884,0.005984498149787362,9.549470852184688e-08,1.0000159570119551,-2.2229113771053688e-09,1.052851227253699e-07,0.05979402059794021,145879,145879,177767,341,platt|f2,0.6577342265773423,False,23
assist2017,dkt,2,isotonic,0.011071386702818787,0.0050295951862213304,0.005026558496131272,3.0366900900585456e-06,1.0006041290661187,-0.00018908247516401504,0.0005991020975891827,0.5031496850314968,145879,145879,177767,341,isotonic|f2,1.0,False,23
assist2017,dkt,2,temperature,0.011071386702818787,0.011333884554977781,0.011333827814266909,5.6740710872860145e-08,1.0000050063148835,1.4414801613243587e-08,6.755446157430226e-08,0.0207979202079792,145879,145879,177767,341,temperature|f2,0.207979202079792,False,23
assist2017,dkt,3,platt,0.015396673173311216,0.0048073689471831264,0.0048073646275697286,4.319613397876787e-09,1.000000898540829,-4.516415773076106e-09,7.821650812732566e-09,0.42115788421157885,168980,168980,177767,341,platt|f3,1.0,False,23
assist2017,dkt,3,isotonic,0.015396673173311216,0.0034194079849590177,0.0034324974075649085,-1.3089422605890803e-05,0.9961866183563481,-0.00043958279405620164,0.00032028757731232044,0.5841415858414158,168980,168980,177767,341,isotonic|f3,1.0,False,23
assist2017,dkt,3,temperature,0.015396673173311216,0.015499575449327984,0.015499574495293865,9.540341190661383e-10,1.0000000615522782,1.887277533037246e-10,1.0222511347829367e-09,0.0021997800219978004,168980,168980,177767,341,temperature|f3,0.021997800219978006,True,23
assist2017,dkt,4,platt,0.023157775065113156,0.004554186722302205,0.00455413412476863,5.259753357508834e-08,1.000011549403714,3.2287080670612337e-09,8.277348825056624e-08,0.040995900409959006,149617,149617,177767,341,platt|f4,0.45095490450954906,False,23
assist2017,dkt,4,isotonic,0.023157775065113156,0.00566737735599935,0.005666529836813027,8.475191863232742e-07,1.000149565820834,-0.00012357616818102062,0.00010157059533401001,0.8595140485951405,149617,149617,177767,341,isotonic|f4,1.0,False,23
assist2017,dkt,4,temperature,0.023157775065113156,0.025487557025031835,0.025487519324953828,3.7700078007324445e-08,1.0000014791583884,3.4534649441010644e-08,4.747598521060228e-08,0.00019998000199980003,149617,149617,177767,341,temperature|f4,0.004599540045995401,True,23
assist2017,sakt,0,platt,0.010698039568648874,0.005229182735227499,0.005229208261202431,-2.552597493186287e-08,0.9999951185774869,-1.6482162250549322e-07,3.4882331998039206e-08,0.5267473252674733,153067,153067,177767,341,platt|f0,1.0,False,23
assist2017,sakt,0,isotonic,0.010698039568648874,0.0037366956224220227,0.0037562350960000167,-1.9539473577993936e-05,0.9947981228334719,-9.650745555531083e-05,4.49451582172939e-05,0.45035496450354967,153067,153067,177767,341,isotonic|f0,1.0,False,23
assist2017,sakt,0,temperature,0.010698039568648874,0.009846057207560086,0.009846054018599063,3.1889610223323483e-09,1.0000003238821376,-1.388244317144377e-07,2.3462350437920124e-08,0.9643035696430357,153067,153067,177767,341,temperature|f0,1.0,False,23
assist2017,sakt,1,platt,0.011083586379924355,0.005045100098752106,0.005045166497623029,-6.639887092322466e-08,0.9999868391120581,-1.317926896931198e-07,1.1016266148820392e-07,0.531946805319468,141938,141938,177767,341,platt|f1,1.0,False,23
assist2017,sakt,1,isotonic,0.011083586379924355,0.0031555508149835845,0.003147690235627464,7.860579356120528e-06,1.0024972531499923,-5.5119872309082e-05,8.548545162664296e-05,0.8831116888311169,141938,141938,177767,341,isotonic|f1,1.0,False,23
assist2017,sakt,1,temperature,0.011083586379924355,0.009482283207119812,0.009482296909038124,-1.3701918311764816e-08,0.9999985550000762,-4.4548308116509026e-08,1.9341773800141994e-07,0.2723727627237276,141938,141938,177767,341,temperature|f1,1.0,False,23
assist2017,sakt,2,platt,0.01260878678269879,0.004780794312017093,0.004780763745384363,3.056663273014182e-08,1.000006393671463,-5.3898519745531474e-08,8.063429735136357e-08,0.8197180281971803,145879,145879,177767,341,platt|f2,1.0,False,23
assist2017,sakt,2,isotonic,0.01260878678269879,0.00383036176408814,0.0038339590599225292,-3.5972958343892525e-06,0.9990617281566742,-7.348321583632651e-05,5.449805161151509e-05,0.7523247675232477,145879,145879,177767,341,isotonic|f2,1.0,False,23
assist2017,sakt,2,temperature,0.01260878678269879,0.008311137801343897,0.008311135426357382,2.374986514744326e-09,1.0000002857595736,-5.872262084636627e-08,8.018966082910099e-09,0.9579042095790421,145879,145879,177767,341,temperature|f2,1.0,False,23
assist2017,sakt,3,platt,0.008527695241524132,0.006253212679005026,0.006253238149425182,-2.547042015580564e-08,0.9999959268430936,-4.604065234037856e-08,1.4548902611617901e-07,0.6523347665233477,168980,168980,177767,341,platt|f3,1.0,False,23
assist2017,sakt,3,isotonic,0.008527695241524132,0.0036486499847320137,0.00409758894048689,-0.00044893895575487614,0.8904382644830324,-0.0009167352223173854,0.00030172711321851985,0.6637336266373363,168980,168980,177767,341,isotonic|f3,1.0,False,23
assist2017,sakt,3,temperature,0.008527695241524132,0.007392721034424818,0.00739271554131741,5.493107407307518e-09,1.0000007430432534,-2.593516321368859e-08,4.8343844511085356e-08,0.49195080491950804,168980,168980,177767,341,temperature|f3,1.0,False,23
assist2017,sakt,4,platt,0.010413364122700018,0.004326798527367594,0.0043268601453398435,-6.161797224974591e-08,0.999985759194848,-7.379439492939504e-08,2.3607147330831235e-08,0.3321667833216678,149617,149617,177767,341,platt|f4,1.0,False,23
assist2017,sakt,4,isotonic,0.010413364122700018,0.005555741600960271,0.005568873451690964,-1.3131850730693784e-05,0.9976419197087867,-6.57264912021505e-05,7.500652900610069e-05,0.7345265473452655,149617,149617,177767,341,isotonic|f4,1.0,False,23
assist2017,sakt,4,temperature,0.010413364122700018,0.004437628368761899,0.004437670508641116,-4.2139879216293585e-08,0.9999905040540675,-4.9810019391873483e-08,3.972242095418455e-08,0.3925607439256074,149617,149617,177767,341,temperature|f4,1.0,False,23
assist2017,simplekt,0,platt,0.0281311852031029,0.003975361413954002,0.003975399396970698,-3.798301669542814e-08,0.999990445484113,-1.0913515456744543e-07,7.817507558357996e-08,0.5969403059694031,153067,153067,177767,341,platt|f0,1.0,False,23
assist2017,simplekt,0,isotonic,0.0281311852031029,0.003530918183259679,0.003402405035960566,0.00012851314729911325,1.037771266483807,-0.00015464872944607948,0.00039242604028814996,0.5747425257474252,153067,153067,177767,341,isotonic|f0,1.0,False,23
assist2017,simplekt,0,temperature,0.0281311852031029,0.024124356675105103,0.0241244110807826,-5.440567749787073e-08,0.9999977447873312,-5.829066617377143e-08,-3.323304485257708e-08,0.0027997200279972004,153067,153067,177767,341,temperature|f0,0.036396360363963605,True,23
assist2017,simplekt,1,platt,0.020954364983377053,0.007951102301816785,0.00795108590254166,1.6399275125367208e-08,1.0000020625201798,-4.531102534527202e-08,1.0340656036954536e-07,0.35096490350964904,141938,141938,177767,341,platt|f1,1.0,False,23
assist2017,simplekt,1,isotonic,0.020954364983377053,0.003932356169515245,0.003908353268306056,2.400290120918927e-05,1.0061414359351382,-7.524132985239862e-05,8.253107595211333e-05,0.8615138486151385,141938,141938,177767,341,isotonic|f1,1.0,False,23
assist2017,simplekt,1,temperature,0.020954364983377053,0.009207567685435623,0.009207583717475588,-1.6032039964683498e-08,0.999998258822243,-9.765140162130287e-08,4.895962833315232e-08,0.5515448455154485,141938,141938,177767,341,temperature|f1,1.0,False,23
assist2017,simplekt,2,platt,0.0196387653501493,0.00812257778436102,0.008122605769755526,-2.7985394506976902e-08,0.9999965546284899,-1.7968322127365296e-07,8.566894802695692e-08,0.5063493650634937,145879,145879,177767,341,platt|f2,1.0,False,23
assist2017,simplekt,2,isotonic,0.0196387653501493,0.006672805109912628,0.0066844901615070295,-1.1685051594401488e-05,0.9982519158062809,-9.568517133240206e-05,8.589475654704329e-05,0.7199280071992801,145879,145879,177767,341,isotonic|f2,1.0,False,23
assist2017,simplekt,2,temperature,0.0196387653501493,0.007058554698300808,0.007058632985544956,-7.828724414831595e-08,0.9999889090076919,-2.330089092743206e-07,1.5079845462765208e-07,0.8671132886711329,145879,145879,177767,341,temperature|f2,1.0,False,23
assist2017,simplekt,3,platt,0.016697776865222523,0.006212134383981247,0.006212116715655572,1.7668325674909113e-08,1.0000028441715576,-1.0167017404998612e-07,4.9667004509167974e-08,0.7237276272372762,168980,168980,177767,341,platt|f3,1.0,False,23
assist2017,simplekt,3,isotonic,0.016697776865222523,0.0039055619047396505,0.003809332745492994,9.622915924665642e-05,1.0252614212713524,-0.00021027566696138453,0.0003788279244618781,0.8449155084491551,168980,168980,177767,341,isotonic|f3,1.0,False,23
assist2017,simplekt,3,temperature,0.016697776865222523,0.016472003328769576,0.01647198841758815,1.4911181425020237e-08,1.0000009052447736,-5.245567762726666e-08,6.327794766056331e-08,0.6361363863613638,168980,168980,177767,341,temperature|f3,1.0,False,23
assist2017,simplekt,4,platt,0.03020727862876697,0.010578582218665646,0.010578549419983516,3.279868212961723e-08,1.0000031004895689,1.5644136815411852e-08,9.181206278552866e-08,0.0183981601839816,149617,149617,177767,341,platt|f4,0.2207779222077792,False,23
assist2017,simplekt,4,isotonic,0.03020727862876697,0.002442903287443872,0.002449257625436484,-6.354337992612279e-06,0.9974056065288437,-2.8930927331339335e-05,2.1898973339000828e-05,0.7631236876312368,149617,149617,177767,341,isotonic|f4,1.0,False,23
assist2017,simplekt,4,temperature,0.03020727862876697,0.030270706511143827,0.030270668472818583,3.803832524310047e-08,1.000001256606714,-1.8675838909989335e-08,4.160890057980024e-08,0.07119288071192881,149617,149617,177767,341,temperature|f4,0.6407359264073593,False,23
bridge2algebra2006,dkt,0,platt,0.0068486919998865066,0.0028817882003690596,0.0028935584566675654,-1.1770256298505779e-05,0.9959322555687846,-0.00025760470916687673,0.00020496132199759724,0.5257474252574742,276786,276795,352370,229,platt|f0,1.0,False,23
bridge2algebra2006,dkt,0,isotonic,0.0068486919998865066,0.0033950811276812123,0.0031414479997261347,0.0002536331279550776,1.0807376496371064,-0.00015959898987341276,0.00039645888642178285,0.624937506249375,276786,276795,352370,229,isotonic|f0,1.0,False,23
bridge2algebra2006,dkt,0,temperature,0.0068486919998865066,0.003918831040433177,0.0041437851273697975,-0.00022495408693662053,0.9457128977439507,-0.0002275079234299814,0.00018153808309254844,0.4881511848815118,276786,276795,352370,229,temperature|f0,1.0,False,23
bridge2algebra2006,dkt,1,platt,0.006721636064364122,0.002192781009339591,0.0019216631988144281,0.000271117810525163,1.1410849782066022,-0.00011333067757608134,0.0003489578164051665,0.632936706329367,286535,286546,352370,229,platt|f1,1.0,False,23
bridge2algebra2006,dkt,1,isotonic,0.006721636064364122,0.003311503728018749,0.0030526075047625587,0.0002588962232561902,1.0848115006112873,-3.0163846907889476e-05,0.0004040230184878907,0.22257774222577742,286535,286546,352370,229,isotonic|f1,1.0,False,23
bridge2algebra2006,dkt,1,temperature,0.006721636064364122,0.00474699650500391,0.004752623228042655,-5.626723038745091e-06,0.9988160805583021,-0.00022896638060468814,0.0002179967081965878,0.8533146685331466,286535,286546,352370,229,temperature|f1,1.0,False,23
bridge2algebra2006,dkt,2,platt,0.004583208842977748,0.003427137281653535,0.0034680807554587083,-4.094347380517336e-05,0.9881941982634836,-0.00034474211767655355,0.00015486465971648476,0.14978502149785022,301562,301572,352370,229,platt|f2,1.0,False,23
bridge2algebra2006,dkt,2,isotonic,0.004583208842977748,0.0034098790261365493,0.0034293442827725384,-1.946525663598913e-05,0.9943239129609197,-0.00015929052824754957,0.0004227125039565168,0.9781021897810219,301562,301572,352370,229,isotonic|f2,1.0,False,23
bridge2algebra2006,dkt,2,temperature,0.004583208842977748,0.005304049835212326,0.005555278492326843,-0.0002512286571145165,0.954776586365288,-0.0002594123394957578,2.7468839398394073e-05,0.0907909209079092,301562,301572,352370,229,temperature|f2,0.8171182881711828,False,23
bridge2algebra2006,dkt,3,platt,0.006233317819337629,0.004904132242034996,0.004933642558843122,-2.951031680812656e-05,0.9940185539474821,-0.00016590468146274545,1.6161498239420482e-05,0.09519048095190481,307842,307852,352370,229,platt|f3,0.9519048095190481,False,23
bridge2algebra2006,dkt,3,isotonic,0.006233317819337629,0.004787890557426158,0.004827343666280911,-3.9453108854753394e-05,0.9918271597006167,-0.0001728964134905005,0.00010790723507330523,0.15598440155984403,307842,307852,352370,229,isotonic|f3,1.0,False,23
bridge2algebra2006,dkt,3,temperature,0.006233317819337629,0.008263361609254324,0.008454306625531639,-0.00019094501627731422,0.9774144675920946,-0.0001927564874864241,-1.206089714702625e-05,0.0357964203579642,307842,307852,352370,229,temperature|f3,0.2505749425057494,False,23
bridge2algebra2006,dkt,4,platt,0.005061681471180798,0.002337419222040564,0.002444147020073188,-0.00010672779803262396,0.9563333149945178,-0.00035814388941233995,8.747129119262645e-05,0.137986201379862,282684,282695,352370,229,platt|f4,1.0,False,23
bridge2algebra2006,dkt,4,isotonic,0.005061681471180798,0.002206876381902502,0.002313137945425538,-0.00010626156352303625,0.9540617265247068,-0.00034229859947732146,0.00013521426427857345,0.30656934306569344,282684,282695,352370,229,isotonic|f4,1.0,False,23
bridge2algebra2006,dkt,4,temperature,0.005061681471180798,0.005940266059952698,0.006157958935507884,-0.00021769287555518588,0.9646485340621662,-0.00021979699974689342,0.00010040176193848362,0.2243775622437756,282684,282695,352370,229,temperature|f4,1.0,False,23
bridge2algebra2006,sakt,0,platt,0.014443467661832842,0.002499679426612091,0.002502418878349715,-2.7394517376241705e-06,0.9989052785042004,-2.952430178563601e-05,5.181871885634276e-05,0.7335266473352665,276786,276795,352370,229,platt|f0,1.0,False,23
bridge2algebra2006,sakt,0,isotonic,0.014443467661832842,0.0019579057293043762,0.0019694806679368994,-1.1574938632523141e-05,0.994122847296263,-7.115850402992161e-05,8.741877240843838e-05,0.9475052494750525,276786,276795,352370,229,isotonic|f0,1.0,False,23
bridge2algebra2006,sakt,0,temperature,0.014443467661832842,0.010406793611717077,0.010406554993252748,2.3861846432972345e-07,1.0000229296308418,-2.1827419241447896e-05,5.063378342740282e-06,0.6493350664933507,276786,276795,352370,229,temperature|f0,1.0,False,23
bridge2algebra2006,sakt,1,platt,0.012313359536850657,0.0025633912800942407,0.002561767127059373,1.6241530348677473e-06,1.0006339971411577,-2.117663941723324e-05,5.621527146320373e-05,0.44115588441155884,286535,286546,352370,229,platt|f1,1.0,False,23
bridge2algebra2006,sakt,1,isotonic,0.012313359536850657,0.002273274745286631,0.002237033489576136,3.6241255710495104e-05,1.0162005870181952,-9.68178893328946e-05,0.00023855407000540876,0.6151384861513849,286535,286546,352370,229,isotonic|f1,1.0,False,23
bridge2algebra2006,sakt,1,temperature,0.012313359536850657,0.00873628696938131,0.008770426011191192,-3.413904180988095e-05,0.9961074819209103,-6.726990268093062e-05,1.5297285399693075e-05,0.1633836616338366,286535,286546,352370,229,temperature|f1,1.0,False,23
bridge2algebra2006,sakt,2,platt,0.013858546130487507,0.0026672574157945517,0.0026702482178321495,-2.990802037597818e-06,0.9988799535497768,-5.330880987301667e-05,3.757820655264564e-05,0.6247375262473752,301562,301572,352370,229,platt|f2,1.0,False,23
bridge2algebra2006,sakt,2,isotonic,0.013858546130487507,0.0034173802014388394,0.003489645084562862,-7.226488312402253e-05,0.9792916238262451,-0.00016227097745111265,3.467258107972014e-05,0.20957904209579042,301562,301572,352370,229,isotonic|f2,1.0,False,23
bridge2algebra2006,sakt,2,temperature,0.013858546130487507,0.01279834544206739,0.012801818763901669,-3.4733218342783423e-06,0.9997286852830574,-2.3861955888088278e-05,-2.763691243653447e-06,0.006799320067993201,301562,301572,352370,229,temperature|f2,0.07479252074792521,False,23
bridge2algebra2006,sakt,3,platt,0.011774542952010664,0.004215606066616873,0.004205637174324579,9.968892292293828e-06,1.0023703643179573,-2.1674838708030065e-05,5.893824301600569e-05,0.30696930306969306,307842,307852,352370,229,platt|f3,1.0,False,23
bridge2algebra2006,sakt,3,isotonic,0.011774542952010664,0.0043930837853523,0.004360306239617235,3.277754573506424e-05,1.0075172577185638,-3.259171223342838e-05,0.00013807720812871753,0.36196380361963804,307842,307852,352370,229,isotonic|f3,1.0,False,23
bridge2algebra2006,sakt,3,temperature,0.011774542952010664,0.008175167403179522,0.008183427484908065,-8.260081728543589e-06,0.9989906329904216,-8.378909058778393e-06,-1.015675398033768e-06,0.028397160283971604,307842,307852,352370,229,temperature|f3,0.22717728227177283,False,23
bridge2algebra2006,sakt,4,platt,0.018236910066123643,0.0030058002568756244,0.0029859291762483454,1.9871080627279023e-05,1.006654906883038,-2.6646356181527742e-05,7.642161653581381e-05,0.3217678232176782,282684,282695,352370,229,platt|f4,1.0,False,23
bridge2algebra2006,sakt,4,isotonic,0.018236910066123643,0.003086441816336014,0.0030711449554691153,1.5296860866898746e-05,1.0049808332360406,-7.647247415214846e-05,7.137980681114817e-05,0.8487151284871512,282684,282695,352370,229,isotonic|f4,1.0,False,23
bridge2algebra2006,sakt,4,temperature,0.018236910066123643,0.012701398457035362,0.01270294050844097,-1.5420514056074114e-06,0.9998786067364023,-2.8974130147841954e-05,-7.641978342027255e-07,0.013598640135986401,282684,282695,352370,229,temperature|f4,0.14958504149585042,False,23
bridge2algebra2006,akt,0,platt,0.0061803028067087306,0.0022388643149969354,0.002258231148291609,-1.9366833294673542e-05,0.9914238924083015,-0.0001237961495578454,6.603136486702101e-05,0.46135386461353867,276786,276795,352370,229,platt|f0,1.0,False,23
bridge2algebra2006,akt,0,isotonic,0.0061803028067087306,0.002152743548955228,0.002171133832207535,-1.83902832523071e-05,0.9915296408818758,-0.00012949892477379037,0.00012710084697605925,0.7715228477152285,276786,276795,352370,229,isotonic|f0,1.0,False,23
bridge2algebra2006,akt,0,temperature,0.0061803028067087306,0.003229560964049103,0.0032554692286229656,-2.5908264573862652e-05,0.9920416189635367,-9.746240834696046e-05,6.967511510308429e-05,0.5789421057894211,276786,276795,352370,229,temperature|f0,1.0,False,23
bridge2algebra2006,akt,1,platt,0.006584363878877588,0.0025284113598364596,0.0024936957246202676,3.471563521619198e-05,1.0139213597206125,-9.21165029512926e-05,0.0001549876910883701,0.5381461853814619,286535,286546,352370,229,platt|f1,1.0,False,23
bridge2algebra2006,akt,1,isotonic,0.006584363878877588,0.002460954280271128,0.002281204412564942,0.00017974986770618586,1.0787960371793595,-6.492113796429094e-05,0.0001946012777711785,0.5901409859014098,286535,286546,352370,229,isotonic|f1,1.0,False,23
bridge2algebra2006,akt,1,temperature,0.006584363878877588,0.002650755730966195,0.0026516313481078618,-8.756171416667707e-07,0.99966978172049,-9.957817231471581e-05,8.128261883196512e-05,0.7743225677432257,286535,286546,352370,229,temperature|f1,1.0,False,23
bridge2algebra2006,akt,2,platt,0.007337601384907931,0.0032326579271508443,0.0032144942761010765,1.8163651049767776e-05,1.0056505470191095,-0.00013892520130848505,0.00016484328898541553,0.7855214478552145,301562,301572,352370,229,platt|f2,1.0,False,23
bridge2algebra2006,akt,2,isotonic,0.007337601384907931,0.0026582498253784823,0.0026591293209423483,-8.794955638660555e-07,0.9996692543093186,-4.1662082916431515e-05,0.0001637499430195795,0.9847015298470153,301562,301572,352370,229,isotonic|f2,1.0,False,23
bridge2algebra2006,akt,2,temperature,0.007337601384907931,0.0041810298450132115,0.00426771438804041,-8.66845430271988e-05,0.9796882979633974,-9.562962325207281e-05,4.602546493601362e-05,0.5731426857314269,301562,301572,352370,229,temperature|f2,1.0,False,23
bridge2algebra2006,akt,3,platt,0.0063474577858501375,0.004327107350856358,0.004376923112840907,-4.981576198454917e-05,0.9886185430494767,-9.939588406226814e-05,9.793902204636378e-05,0.7019298070192981,307842,307852,352370,229,platt|f3,1.0,False,23
bridge2algebra2006,akt,3,isotonic,0.0063474577858501375,0.00403116843624178,0.004053345809605732,-2.2177373363952563e-05,0.9945286253861203,-9.756979227200613e-05,0.00011630537451745305,0.34296570342965704,307842,307852,352370,229,isotonic|f3,1.0,False,23
bridge2algebra2006,akt,3,temperature,0.0063474577858501375,0.006575312794790017,0.006653661377858687,-7.834858306867039e-05,0.9882247414439529,-8.174275395214929e-05,3.167460171937748e-05,0.27377262273772623,307842,307852,352370,229,temperature|f3,1.0,False,23
bridge2algebra2006,akt,4,platt,0.009065171836422197,0.002503883847674646,0.0026156313090078746,-0.00011174746133322871,0.9572770592902807,-0.00023454390596847283,0.00012031767530655252,0.27757224277572246,282684,282695,352370,229,platt|f4,1.0,False,23
bridge2algebra2006,akt,4,isotonic,0.009065171836422197,0.0022288642632145843,0.0023065783381634257,-7.77140749488414e-05,0.9663076368736212,-0.00012780846557303724,0.0001752665327287277,0.8353164683531646,282684,282695,352370,229,isotonic|f4,1.0,False,23
bridge2algebra2006,akt,4,temperature,0.009065171836422197,0.008342858421913613,0.00834115872961734,1.6996922962732308e-06,1.0002037717242136,-0.00011588563573049732,3.3321891297935625e-05,0.5777422257774223,282684,282695,352370,229,temperature|f4,1.0,False,23
bridge2algebra2006,simplekt,0,platt,0.006865889547918525,0.004271814565994326,0.004251902655351881,1.9911910642444325e-05,1.0046830589165492,-7.316842529693309e-05,5.492070151782139e-05,0.9393060693930607,276786,276795,352370,229,platt|f0,1.0,False,23
bridge2algebra2006,simplekt,0,isotonic,0.006865889547918525,0.0019668435165637464,0.0019530895241924359,1.375399237131059e-05,1.0070421720054012,-0.00013897440321865778,0.00024090961218037994,0.8589141085891411,276786,276795,352370,229,isotonic|f0,1.0,False,23
bridge2algebra2006,simplekt,0,temperature,0.006865889547918525,0.006829561733445896,0.006827311197176997,2.250536268898727e-06,1.0003296372765063,-5.756545490598367e-05,4.034682514901927e-05,0.9929007099290071,276786,276795,352370,229,temperature|f0,1.0,False,23
bridge2algebra2006,simplekt,1,platt,0.012628964440786815,0.008478244590692489,0.00843763561713265,4.0608973559839653e-05,1.0048128380274426,-4.2318904363442725e-05,9.674500464885335e-05,0.4477552244775522,286535,286546,352370,229,platt|f1,1.0,False,23
bridge2algebra2006,simplekt,1,isotonic,0.012628964440786815,0.002986404690444607,0.0029135003185185274,7.290437192607972e-05,1.025022949701667,-9.143049786343379e-05,0.00018479069563214046,0.8315168483151685,286535,286546,352370,229,isotonic|f1,1.0,False,23
bridge2algebra2006,simplekt,1,temperature,0.012628964440786815,0.008769791335652869,0.008759043882890673,1.0747452762195978e-05,1.0012270120924032,-3.812336403123664e-05,6.233237300015238e-05,0.6935306469353064,286535,286546,352370,229,temperature|f1,1.0,False,23
bridge2algebra2006,simplekt,2,platt,0.019059451996480768,0.008348220306112413,0.0083861186308019,-3.7898324689486854e-05,0.9954808265470646,-0.00010025918966644282,1.581558564956364e-05,0.1523847615238476,301562,301572,352370,229,platt|f2,1.0,False,23
bridge2algebra2006,simplekt,2,isotonic,0.019059451996480768,0.0024935601168029607,0.0025949944205906892,-0.00010143430378772855,0.9609115522627446,-0.0001343300662373982,5.5769181659728344e-05,0.3615638436156384,301562,301572,352370,229,isotonic|f2,1.0,False,23
bridge2algebra2006,simplekt,2,temperature,0.019059451996480768,0.019384638344692336,0.019399786719301346,-1.5148374609010029e-05,0.9992191473634121,-4.145592493223398e-05,1.536177667235881e-05,0.29217078292170784,301562,301572,352370,229,temperature|f2,1.0,False,23
bridge2algebra2006,simplekt,3,platt,0.029788476317507195,0.006526353875205754,0.00650051553368279,2.5838341522963805e-05,1.0039748142111315,-8.738446903777417e-05,7.293458044328993e-05,0.7203279672032796,307842,307852,352370,229,platt|f3,1.0,False,23
bridge2algebra2006,simplekt,3,isotonic,0.029788476317507195,0.004753382414344336,0.004788397183326106,-3.501476898176963e-05,0.9926875804906711,-9.574747785202832e-05,6.778035917468849e-05,0.16278372162783722,307842,307852,352370,229,isotonic|f3,1.0,False,23
bridge2algebra2006,simplekt,3,temperature,0.029788476317507195,0.016096912679656336,0.016129904425778902,-3.2991746122566085e-05,0.997954622342967,-3.394078645152618e-05,-3.210812941414152e-05,0.0007999200079992001,307842,307852,352370,229,temperature|f3,0.009599040095990401,True,23
bridge2algebra2006,simplekt,4,platt,0.027689047308227095,0.0033652386952311808,0.003354505157197659,1.0733538033521565e-05,1.0031997381224742,-0.00010176457547642581,5.894159972094011e-05,0.6073392660733926,282684,282695,352370,229,platt|f4,1.0,False,23
bridge2algebra2006,simplekt,4,isotonic,0.027689047308227095,0.0031624002318206995,0.0031425868718448578,1.9813359975841705e-05,1.0063047930841162,-0.00012546882501660386,0.0002828581783645185,0.7397260273972602,282684,282695,352370,229,isotonic|f4,1.0,False,23
bridge2algebra2006,simplekt,4,temperature,0.027689047308227095,0.011275511576216672,0.011284889972022687,-9.378395806015558e-06,0.9991689422024259,-6.427351436648896e-05,1.9512923467307085e-05,0.44295570442955706,282684,282695,352370,229,temperature|f4,1.0,False,23
ednet,dkt,0,platt,0.08866279300198934,0.16761188431739849,0.007943554471394441,0.15966832984600404,21.10036318388527,0.1345150715001972,0.16693592136525254,0.00019998000199980003,77883,78676,132209,937,platt|f0,0.004599540045995401,True,23
ednet,dkt,0,isotonic,0.08866279300198934,0.12742260537426206,0.008534013936866527,0.11888859143739554,14.93114568559615,0.0978905283043811,0.12831966695773658,0.00019998000199980003,77883,78676,132209,937,isotonic|f0,0.004599540045995401,True,23
ednet,dkt,0,temperature,0.08866279300198934,0.1605591862264196,0.06390534341169744,0.09665384281472215,2.512453226204404,0.07295806120500961,0.1169848286305472,0.00019998000199980003,77883,78676,132209,937,temperature|f0,0.004599540045995401,True,23
ednet,dkt,1,platt,0.09157548351473789,0.17493581259389596,0.02918090036643234,0.14575491222746362,5.994873715244573,0.11997559767175064,0.167214976045246,0.00019998000199980003,110391,111513,132209,937,platt|f1,0.004599540045995401,True,23
ednet,dkt,1,isotonic,0.09157548351473789,0.13643900605558645,0.028358665459831102,0.10808034059575536,4.81119276394888,0.08888014052591672,0.12953474465364206,0.00019998000199980003,110391,111513,132209,937,isotonic|f1,0.004599540045995401,True,23
ednet,dkt,1,temperature,0.09157548351473789,0.1592528007036207,0.07079716752729474,0.08845563317632595,2.24942333522345,0.06416766509908385,0.11343593739089174,0.00019998000199980003,110391,111513,132209,937,temperature|f1,0.004599540045995401,True,23
ednet,dkt,2,platt,0.08744860637324227,0.1626640138812936,0.013513773791285018,0.14915024009000857,12.036905189740189,0.1339675498595902,0.15693951889757335,0.00019998000199980003,85108,85940,132209,937,platt|f2,0.004599540045995401,True,23
ednet,dkt,2,isotonic,0.08744860637324227,0.12194431459110515,0.008694424054303103,0.11324989053680204,14.025577062893735,0.09541658935403882,0.11993119873228116,0.00019998000199980003,85108,85940,132209,937,isotonic|f2,0.004599540045995401,True,23
ednet,dkt,2,temperature,0.08744860637324227,0.1551601975097789,0.05718580252819717,0.09797439498158175,2.713264318241797,0.0741008674351658,0.11748206564495801,0.00019998000199980003,85108,85940,132209,937,temperature|f2,0.004599540045995401,True,23
ednet,dkt,3,platt,0.08883325946039969,0.1705188018401948,0.021729149874584675,0.14878965196561011,7.847467702343971,0.12291305090230684,0.16850851656844357,0.00019998000199980003,90433,91398,132209,937,platt|f3,0.004599540045995401,True,23
ednet,dkt,3,isotonic,0.08883325946039969,0.1239508583006231,0.02058396272164193,0.10336689557898118,6.021719917433656,0.08438198851400318,0.12114298562993674,0.00019998000199980003,90433,91398,132209,937,isotonic|f3,0.004599540045995401,True,23
ednet,dkt,3,temperature,0.08883325946039969,0.15787903925029714,0.061244854739457705,0.09663418451083944,2.577833516332626,0.07213477549825437,0.1202215664462645,0.00019998000199980003,90433,91398,132209,937,temperature|f3,0.004599540045995401,True,23
ednet,dkt,4,platt,0.09047652731659724,0.1756334468115987,0.013847629479192616,0.1617858173324061,12.683286123123434,0.14362729062836624,0.1733877697186206,0.00019998000199980003,92249,93209,132209,937,platt|f4,0.004599540045995401,True,23
ednet,dkt,4,isotonic,0.09047652731659724,0.1370228985636994,0.005968567019630726,0.13105433154406868,22.95741978150343,0.10883941292591758,0.13953661744227894,0.00019998000199980003,92249,93209,132209,937,isotonic|f4,0.004599540045995401,True,23
ednet,dkt,4,temperature,0.09047652731659724,0.16024685287935653,0.062359265536144105,0.09788758734321243,2.5697360528801565,0.0737442809351409,0.12200663520222306,0.00019998000199980003,92249,93209,132209,937,temperature|f4,0.004599540045995401,True,23
ednet,sakt,0,platt,0.11849892972490551,0.1618339696226747,0.009805684134317424,0.15202828548835728,16.504097766753123,0.12796669802543006,0.16483142684898042,0.00019998000199980003,77883,78676,132209,937,platt|f0,0.004599540045995401,True,23
ednet,sakt,0,isotonic,0.11849892972490551,0.13116058696971622,0.007619164136671492,0.12354142283304473,17.214563778516396,0.10407751963070365,0.13353010650669317,0.00019998000199980003,77883,78676,132209,937,isotonic|f0,0.004599540045995401,True,23
ednet,sakt,0,temperature,0.11849892972490551,0.15355622867859944,0.06073077205802028,0.09282545662057917,2.5284748320323778,0.07089682624199678,0.11229772497704839,0.00019998000199980003,77883,78676,132209,937,temperature|f0,0.004599540045995401,True,23
ednet,sakt,1,platt,0.13966386025157113,0.17132301813783266,0.028634812223590024,0.14268820591424264,5.983032708581646,0.11761818372223667,0.16689628422823918,0.00019998000199980003,110391,111513,132209,937,platt|f1,0.004599540045995401,True,23
ednet,sakt,1,isotonic,0.13966386025157113,0.14842791693065158,0.02729690488085261,0.12113101204979897,5.43753651113633,0.1009032389586039,0.14114095311540614,0.00019998000199980003,110391,111513,132209,937,isotonic|f1,0.004599540045995401,True,23
ednet,sakt,1,temperature,0.13966386025157113,0.1686855437899868,0.08937918928969661,0.07930635450029018,1.887302235906859,0.056519195543571175,0.10126440013790622,0.00019998000199980003,110391,111513,132209,937,temperature|f1,0.004599540045995401,True,23
ednet,sakt,2,platt,0.11680650863405677,0.16402764069685413,0.002736845153832918,0.16129079554302123,59.933109648945766,0.13683399395079637,0.16552750961540896,0.00019998000199980003,85108,85940,132209,937,platt|f2,0.004599540045995401,True,23
ednet,sakt,2,isotonic,0.11680650863405677,0.13765512838711716,0.006225584189027512,0.13142954419808964,22.11119859719061,0.11415611686150927,0.1387081097638503,0.00019998000199980003,85108,85940,132209,937,isotonic|f2,0.004599540045995401,True,23
ednet,sakt,2,temperature,0.11680650863405677,0.15775314254458392,0.059439880113349344,0.09831326243123457,2.653994965059743,0.07731581162300326,0.11491506918928344,0.00019998000199980003,85108,85940,132209,937,temperature|f2,0.004599540045995401,True,23
ednet,sakt,3,platt,0.11243669644275353,0.16632475891891615,0.022025120778789813,0.14429963814012634,7.551593500412804,0.12119389310468741,0.16217231265261894,0.00019998000199980003,90433,91398,132209,937,platt|f3,0.004599540045995401,True,23
ednet,sakt,3,isotonic,0.11243669644275353,0.13713957832804377,0.020085590440894245,0.11705398788714952,6.827759369663722,0.09825215333720588,0.13517570911357957,0.00019998000199980003,90433,91398,132209,937,isotonic|f3,0.004599540045995401,True,23
ednet,sakt,3,temperature,0.11243669644275353,0.158805065426707,0.06690244446883256,0.09190262095787444,2.373681061843541,0.07032291547979241,0.11226584039508136,0.00019998000199980003,90433,91398,132209,937,temperature|f3,0.004599540045995401,True,23
ednet,sakt,4,platt,0.11460382424797098,0.1695844308615247,0.006221766640971396,0.1633626642205533,27.25663636189475,0.13823252798898697,0.17189149349168678,0.00019998000199980003,92249,93209,132209,937,platt|f4,0.004599540045995401,True,23
ednet,sakt,4,isotonic,0.11460382424797098,0.1404794128681774,0.004803508406855366,0.13567590446132202,29.24516852467481,0.11521169338770255,0.14567561339910315,0.00019998000199980003,92249,93209,132209,937,isotonic|f4,0.004599540045995401,True,23
ednet,sakt,4,temperature,0.11460382424797098,0.1640585035364052,0.07117000518894835,0.09288849834745684,2.3051635741889904,0.06919161997352767,0.11442318526849954,0.00019998000199980003,92249,93209,132209,937,temperature|f4,0.004599540045995401,True,23
ednet,akt,0,platt,0.09424892027017794,0.17129612718058618,0.006936032201123269,0.1643600949794629,24.696558812521847,0.13942773883113727,0.17441869198313964,0.00019998000199980003,77883,78676,132209,937,platt|f0,0.004599540045995401,True,23
ednet,akt,0,isotonic,0.09424892027017794,0.14803590852290302,0.007367950524143872,0.14066795799875914,20.09187060062462,0.11976294958755034,0.1513946188884305,0.00019998000199980003,77883,78676,132209,937,isotonic|f0,0.004599540045995401,True,23
ednet,akt,0,temperature,0.09424892027017794,0.16489428546373608,0.06500477918134093,0.09988950628239515,2.536648651689714,0.07758622799931368,0.12158633614880612,0.00019998000199980003,77883,78676,132209,937,temperature|f0,0.004599540045995401,True,23
ednet,akt,1,platt,0.09110415100333563,0.17156128326864928,0.026993753621418752,0.14456752964723052,6.35559195192922,0.12019714205192401,0.16282958195404781,0.00019998000199980003,110391,111513,132209,937,platt|f1,0.004599540045995401,True,23
ednet,akt,1,isotonic,0.09110415100333563,0.14670683623055092,0.025427929863352954,0.12127890636719796,5.769515529535364,0.10260326743669876,0.14187583469269582,0.00019998000199980003,110391,111513,132209,937,isotonic|f1,0.004599540045995401,True,23
ednet,akt,1,temperature,0.09110415100333563,0.16189522519135083,0.0733350471994056,0.08856017799194522,2.207610567852243,0.06653607194626371,0.1115167625502837,0.00019998000199980003,110391,111513,132209,937,temperature|f1,0.004599540045995401,True,23
ednet,akt,2,platt,0.0921099259505783,0.1714990469863923,0.0068630664228155145,0.16463598056357678,24.98869112154626,0.14404334225878748,0.1729661654562143,0.00019998000199980003,85108,85940,132209,937,platt|f2,0.004599540045995401,True,23
ednet,akt,2,isotonic,0.0921099259505783,0.15043568168635438,0.009196888528624964,0.14123879315772941,16.357236604328634,0.12550036085374497,0.15045445166808946,0.00019998000199980003,85108,85940,132209,937,isotonic|f2,0.004599540045995401,True,23
ednet,akt,2,temperature,0.0921099259505783,0.16522873496670085,0.061223360014868715,0.10400537495183212,2.6987858053947607,0.08154811319391449,0.12324537262942013,0.00019998000199980003,85108,85940,132209,937,temperature|f2,0.004599540045995401,True,23
ednet,akt,3,platt,0.09325185577381238,0.17270843373628186,0.021272036013736634,0.15143639772254522,8.119036354806546,0.1283785568160888,0.16866935358312607,0.00019998000199980003,90433,91398,132209,937,platt|f3,0.004599540045995401,True,23
ednet,akt,3,isotonic,0.09325185577381238,0.14534203876887417,0.01950422581327468,0.12583781295559948,7.4518230131417775,0.10601440899515219,0.144932524628401,0.00019998000199980003,90433,91398,132209,937,isotonic|f3,0.004599540045995401,True,23
ednet,akt,3,temperature,0.09325185577381238,0.1645974065568007,0.06856236106897705,0.09603504548782364,2.4006963002806705,0.07459483533082369,0.11899091337371277,0.00019998000199980003,90433,91398,132209,937,temperature|f3,0.004599540045995401,True,23
ednet,akt,4,platt,0.09430700406175041,0.1730629581957926,0.0068743248111293636,0.16618863338466322,25.175266364430133,0.14363628374043944,0.17682650860899118,0.00019998000199980003,92249,93209,132209,937,platt|f4,0.004599540045995401,True,23
ednet,akt,4,isotonic,0.09430700406175041,0.14568514836532756,0.004329825294768161,0.1413553230705594,33.6468883724622,0.1211216384479762,0.15158295170561878,0.00019998000199980003,92249,93209,132209,937,isotonic|f4,0.004599540045995401,True,23
ednet,akt,4,temperature,0.09430700406175041,0.16542198798939653,0.06823293392201522,0.0971890540673813,2.424371611785895,0.07583561756708854,0.11939682754527056,0.00019998000199980003,92249,93209,132209,937,temperature|f4,0.004599540045995401,True,23
ednet,simplekt,0,platt,0.14756729042652106,0.17637811577724571,0.01672825727901734,0.15964985849822838,10.543723284222862,0.14507562525567255,0.16786140481300876,0.00019998000199980003,77883,78676,132209,937,platt|f0,0.004599540045995401,True,23
ednet,simplekt,0,isotonic,0.14756729042652106,0.16363851188435383,0.007508835601810948,0.15612967628254287,21.79279459053388,0.13424959746447987,0.16715542678809978,0.00019998000199980003,77883,78676,132209,937,isotonic|f0,0.004599540045995401,True,23
ednet,simplekt,0,temperature,0.14756729042652106,0.17150855477030524,0.05471719157560744,0.1167913631946978,3.134454635401328,0.09403750925598614,0.1392461039796188,0.00019998000199980003,77883,78676,132209,937,temperature|f0,0.004599540045995401,True,23
ednet,simplekt,1,platt,0.13150474778570304,0.1747663195282446,0.027211973342866683,0.1475543461853779,6.422405215756161,0.12585986412645023,0.16351811731141425,0.00019998000199980003,110391,111513,132209,937,platt|f1,0.004599540045995401,True,23
ednet,simplekt,1,isotonic,0.13150474778570304,0.15890115868944388,0.02428916848986519,0.1346119901995787,6.542058397583532,0.1126957245926457,0.1569642168515407,0.00019998000199980003,110391,111513,132209,937,isotonic|f1,0.004599540045995401,True,23
ednet,simplekt,1,temperature,0.13150474778570304,0.1671871509444023,0.06440541380397304,0.10278173714042928,2.5958555511072405,0.07984793141363836,0.1258273823787439,0.00019998000199980003,110391,111513,132209,937,temperature|f1,0.004599540045995401,True,23
ednet,simplekt,2,platt,0.14660199078731448,0.16599788031320542,0.015226778856597623,0.1507711014566078,10.90170691231127,0.13623289040096528,0.1594063409067771,0.00019998000199980003,85108,85940,132209,937,platt|f2,0.004599540045995401,True,23
ednet,simplekt,2,isotonic,0.14660199078731448,0.15627263834997265,0.005363536964829677,0.15090910138514296,29.136116591476725,0.13160783759068126,0.15891043001561794,0.00019998000199980003,85108,85940,132209,937,isotonic|f2,0.004599540045995401,True,23
ednet,simplekt,2,temperature,0.14660199078731448,0.1615002936222405,0.053175923566959674,0.10832437005528082,3.0370942860800088,0.08578497053050176,0.12962034159435223,0.00019998000199980003,85108,85940,132209,937,temperature|f2,0.004599540045995401,True,23
ednet,simplekt,3,platt,0.14416060026170724,0.17763950200989773,0.02234279225524617,0.15529670975465154,7.950640187695757,0.1323517607962174,0.17182164652169332,0.00019998000199980003,90433,91398,132209,937,platt|f3,0.004599540045995401,True,23
ednet,simplekt,3,isotonic,0.14416060026170724,0.16341320471712154,0.01922625549493296,0.14418694922218858,8.499481594852869,0.12000880574739732,0.16543353448277523,0.00019998000199980003,90433,91398,132209,937,isotonic|f3,0.004599540045995401,True,23
ednet,simplekt,3,temperature,0.14416060026170724,0.16878714504428255,0.06139430287321896,0.1073928421710636,2.749231396809456,0.08440567114151862,0.13039641368138638,0.00019998000199980003,90433,91398,132209,937,temperature|f3,0.004599540045995401,True,23
ednet,simplekt,4,platt,0.14370339840706747,0.18161701498513644,0.028100794395654254,0.1535162205894822,6.463056254851757,0.14238024919080347,0.16271080482282846,0.00019998000199980003,92249,93209,132209,937,platt|f4,0.004599540045995401,True,23
ednet,simplekt,4,isotonic,0.14370339840706747,0.1637541423780661,0.0041985368952779205,0.1595556054827882,39.002668420572846,0.13676637214330034,0.16897476250533489,0.00019998000199980003,92249,93209,132209,937,isotonic|f4,0.004599540045995401,True,23
ednet,simplekt,4,temperature,0.14370339840706747,0.1858274207282617,0.07878025216432015,0.10704716856394154,2.3588071327908695,0.08451088589193463,0.13076655160858663,0.00019998000199980003,92249,93209,132209,937,temperature|f4,0.004599540045995401,True,23
