dataset,model,fold,n_test,method,ece,auc,brier
assist2009,pfa,0,53148,none,0.027988,0.708386,0.203021
assist2009,pfa,0,53148,platt,0.038113,0.708386,0.204236
assist2009,pfa,0,53148,isotonic,0.015263,0.708463,0.201748
assist2009,pfa,0,53148,temperature,0.033795,0.708386,0.203242
assist2009,pfa,1,53148,none,0.026092,0.708636,0.20313
assist2009,pfa,1,53148,platt,0.032684,0.708636,0.203922
assist2009,pfa,1,53148,isotonic,0.014317,0.708901,0.201792
assist2009,pfa,1,53148,temperature,0.032047,0.708636,0.203168
assist2009,pfa,2,53148,none,0.02547,0.710083,0.202855
assist2009,pfa,2,53148,platt,0.044131,0.710083,0.20541
assist2009,pfa,2,53148,isotonic,0.020853,0.710249,0.201712
assist2009,pfa,2,53148,temperature,0.040534,0.710083,0.203377
assist2009,pfa,3,53148,none,0.026009,0.708686,0.203058
assist2009,pfa,3,53148,platt,0.03815,0.708686,0.204776
assist2009,pfa,3,53148,isotonic,0.020404,0.70899,0.201908
assist2009,pfa,3,53148,temperature,0.035597,0.708686,0.203292
assist2009,pfa,4,53148,none,0.026111,0.709001,0.203348
assist2009,pfa,4,53148,platt,0.037188,0.709001,0.203949
assist2009,pfa,4,53148,isotonic,0.011383,0.709354,0.201692
assist2009,pfa,4,53148,temperature,0.037478,0.709001,0.203429
assist2009,elorasch,0,53148,none,0.064632,0.710732,0.205716
assist2009,elorasch,0,53148,platt,0.009613,0.710732,0.200688
assist2009,elorasch,0,53148,isotonic,0.007595,0.710361,0.200825
assist2009,elorasch,0,53148,temperature,0.025726,0.710732,0.201989
assist2009,elorasch,1,53148,none,0.061891,0.710121,0.205613
assist2009,elorasch,1,53148,platt,0.007202,0.710121,0.200741
assist2009,elorasch,1,53148,isotonic,0.005794,0.709901,0.200945
assist2009,elorasch,1,53148,temperature,0.025622,0.710121,0.201904
assist2009,elorasch,2,53148,none,0.062394,0.711059,0.205615
assist2009,elorasch,2,53148,platt,0.006294,0.711059,0.200562
assist2009,elorasch,2,53148,isotonic,0.008985,0.710706,0.200967
assist2009,elorasch,2,53148,temperature,0.026117,0.711059,0.201737
assist2009,elorasch,3,53148,none,0.063419,0.710812,0.205716
assist2009,elorasch,3,53148,platt,0.010567,0.710812,0.200823
assist2009,elorasch,3,53148,isotonic,0.008999,0.710555,0.200761
assist2009,elorasch,3,53148,temperature,0.026668,0.710812,0.201915
assist2009,elorasch,4,53148,none,0.06251,0.710534,0.205724
assist2009,elorasch,4,53148,platt,0.007226,0.710534,0.200726
assist2009,elorasch,4,53148,isotonic,0.012805,0.710152,0.201185
assist2009,elorasch,4,53148,temperature,0.026611,0.710534,0.201948
assist2009,pfa_recency,0,53148,none,0.022275,0.71884,0.199231
assist2009,pfa_recency,0,53148,platt,0.034201,0.71884,0.200313
assist2009,pfa_recency,0,53148,isotonic,0.011195,0.718745,0.198321
assist2009,pfa_recency,0,53148,temperature,0.029839,0.71884,0.199475
assist2009,pfa_recency,1,53148,none,0.021299,0.718242,0.199477
assist2009,pfa_recency,1,53148,platt,0.030961,0.718242,0.200099
assist2009,pfa_recency,1,53148,isotonic,0.011448,0.718055,0.198658
assist2009,pfa_recency,1,53148,temperature,0.026453,0.718242,0.199519
assist2009,pfa_recency,2,53148,none,0.022786,0.719095,0.199232
assist2009,pfa_recency,2,53148,platt,0.036857,0.719095,0.201098
assist2009,pfa_recency,2,53148,isotonic,0.017667,0.718876,0.198429
assist2009,pfa_recency,2,53148,temperature,0.033004,0.719095,0.199645
assist2009,pfa_recency,3,53148,none,0.019646,0.718538,0.199256
assist2009,pfa_recency,3,53148,platt,0.033247,0.718538,0.200606
assist2009,pfa_recency,3,53148,isotonic,0.015726,0.718284,0.198656
assist2009,pfa_recency,3,53148,temperature,0.028729,0.718538,0.19948
assist2009,pfa_recency,4,53148,none,0.020478,0.718353,0.19951
assist2009,pfa_recency,4,53148,platt,0.032302,0.718353,0.200188
assist2009,pfa_recency,4,53148,isotonic,0.009563,0.718031,0.198564
assist2009,pfa_recency,4,53148,temperature,0.02868,0.718353,0.199686
assist2009,bkt,0,53148,none,0.020152,0.725239,0.195885
assist2009,bkt,0,53148,platt,0.015003,0.725239,0.195648
assist2009,bkt,0,53148,isotonic,0.012387,0.725619,0.195304
assist2009,bkt,0,53148,temperature,0.020242,0.725239,0.195886
assist2009,bkt,1,53148,none,0.019435,0.725276,0.195788
assist2009,bkt,1,53148,platt,0.019706,0.725276,0.195806
assist2009,bkt,1,53148,isotonic,0.016626,0.725723,0.195517
assist2009,bkt,1,53148,temperature,0.019193,0.725276,0.195782
assist2009,bkt,2,53148,none,0.018572,0.72581,0.195741
assist2009,bkt,2,53148,platt,0.017143,0.72581,0.195684
assist2009,bkt,2,53148,isotonic,0.017471,0.7259,0.195297
assist2009,bkt,2,53148,temperature,0.019137,0.72581,0.195783
assist2009,bkt,3,53148,none,0.020671,0.726632,0.195604
assist2009,bkt,3,53148,platt,0.018413,0.726632,0.195585
assist2009,bkt,3,53148,isotonic,0.018473,0.726676,0.195198
assist2009,bkt,3,53148,temperature,0.019867,0.726632,0.195661
assist2009,bkt,4,53148,none,0.020264,0.725994,0.195899
assist2009,bkt,4,53148,platt,0.013285,0.725994,0.195514
assist2009,bkt,4,53148,isotonic,0.008814,0.726079,0.195001
assist2009,bkt,4,53148,temperature,0.020227,0.725994,0.195898
assist2015,pfa,0,138458,none,0.00731,0.682675,0.180867
assist2015,pfa,0,138458,platt,0.007994,0.682675,0.180886
assist2015,pfa,0,138458,isotonic,0.00517,0.683524,0.180296
assist2015,pfa,0,138458,temperature,0.007479,0.682675,0.180869
assist2015,pfa,1,138458,none,0.006859,0.682941,0.180849
assist2015,pfa,1,138458,platt,0.007485,0.682941,0.180868
assist2015,pfa,1,138458,isotonic,0.007297,0.683494,0.180353
assist2015,pfa,1,138458,temperature,0.007091,0.682941,0.180864
assist2015,pfa,2,138458,none,0.007636,0.682672,0.180838
assist2015,pfa,2,138458,platt,0.008557,0.682672,0.180857
assist2015,pfa,2,138458,isotonic,0.006249,0.683484,0.180316
assist2015,pfa,2,138458,temperature,0.007926,0.682672,0.180847
assist2015,pfa,3,138458,none,0.007842,0.682795,0.180829
assist2015,pfa,3,138458,platt,0.010698,0.682795,0.180861
assist2015,pfa,3,138458,isotonic,0.001162,0.683522,0.180221
assist2015,pfa,3,138458,temperature,0.009211,0.682795,0.180842
assist2015,pfa,4,138458,none,0.006727,0.683707,0.180698
assist2015,pfa,4,138458,platt,0.012442,0.683707,0.180774
assist2015,pfa,4,138458,isotonic,0.005069,0.684366,0.180156
assist2015,pfa,4,138458,temperature,0.012996,0.683707,0.180753
assist2015,elorasch,0,138458,none,0.063054,0.674821,0.187877
assist2015,elorasch,0,138458,platt,0.012419,0.674821,0.182473
assist2015,elorasch,0,138458,isotonic,0.003796,0.67464,0.182274
assist2015,elorasch,0,138458,temperature,0.022148,0.674821,0.182812
assist2015,elorasch,1,138458,none,0.063446,0.674786,0.18793
assist2015,elorasch,1,138458,platt,0.011213,0.674786,0.182445
assist2015,elorasch,1,138458,isotonic,0.004561,0.674703,0.182251
assist2015,elorasch,1,138458,temperature,0.022202,0.674786,0.182829
assist2015,elorasch,2,138458,none,0.06225,0.675029,0.187798
assist2015,elorasch,2,138458,platt,0.011041,0.675029,0.182453
assist2015,elorasch,2,138458,isotonic,0.003605,0.674939,0.182264
assist2015,elorasch,2,138458,temperature,0.022704,0.675029,0.18284
assist2015,elorasch,3,138458,none,0.064312,0.67476,0.187982
assist2015,elorasch,3,138458,platt,0.010755,0.67476,0.182423
assist2015,elorasch,3,138458,isotonic,0.004097,0.674278,0.182315
assist2015,elorasch,3,138458,temperature,0.020786,0.67476,0.182734
assist2015,elorasch,4,138458,none,0.062989,0.674807,0.187883
assist2015,elorasch,4,138458,platt,0.011484,0.674807,0.182489
assist2015,elorasch,4,138458,isotonic,0.003729,0.674629,0.182288
assist2015,elorasch,4,138458,temperature,0.021947,0.674807,0.1828
assist2015,pfa_recency,0,138458,none,0.00474,0.687685,0.17965
assist2015,pfa_recency,0,138458,platt,0.005316,0.687685,0.179666
assist2015,pfa_recency,0,138458,isotonic,0.005358,0.687967,0.179458
assist2015,pfa_recency,0,138458,temperature,0.004741,0.687685,0.17965
assist2015,pfa_recency,1,138458,none,0.004316,0.687512,0.17967
assist2015,pfa_recency,1,138458,platt,0.005488,0.687512,0.179687
assist2015,pfa_recency,1,138458,isotonic,0.00585,0.687637,0.179497
assist2015,pfa_recency,1,138458,temperature,0.00532,0.687512,0.179687
assist2015,pfa_recency,2,138458,none,0.004661,0.687467,0.17964
assist2015,pfa_recency,2,138458,platt,0.006063,0.687467,0.179655
assist2015,pfa_recency,2,138458,isotonic,0.005248,0.687847,0.179453
assist2015,pfa_recency,2,138458,temperature,0.005885,0.687467,0.17965
assist2015,pfa_recency,3,138458,none,0.005196,0.687412,0.179659
assist2015,pfa_recency,3,138458,platt,0.007286,0.687412,0.179676
assist2015,pfa_recency,3,138458,isotonic,0.002161,0.687538,0.179472
assist2015,pfa_recency,3,138458,temperature,0.005897,0.687412,0.179666
assist2015,pfa_recency,4,138458,none,0.005261,0.688319,0.179528
assist2015,pfa_recency,4,138458,platt,0.008926,0.688319,0.179564
assist2015,pfa_recency,4,138458,isotonic,0.005375,0.688575,0.179299
assist2015,pfa_recency,4,138458,temperature,0.008393,0.688319,0.17956
assist2015,bkt,0,138458,none,0.005716,0.69884,0.177055
assist2015,bkt,0,138458,platt,0.006576,0.69884,0.177045
assist2015,bkt,0,138458,isotonic,0.005838,0.699045,0.176992
assist2015,bkt,0,138458,temperature,0.006903,0.69884,0.177066
assist2015,bkt,1,138458,none,0.006238,0.698996,0.177033
assist2015,bkt,1,138458,platt,0.008206,0.698996,0.177042
assist2015,bkt,1,138458,isotonic,0.006664,0.699222,0.176916
assist2015,bkt,1,138458,temperature,0.008637,0.698996,0.177058
assist2015,bkt,2,138458,none,0.005727,0.699136,0.177004
assist2015,bkt,2,138458,platt,0.006977,0.699136,0.176997
assist2015,bkt,2,138458,isotonic,0.006275,0.699312,0.176966
assist2015,bkt,2,138458,temperature,0.007011,0.699136,0.177019
assist2015,bkt,3,138458,none,0.006433,0.698987,0.177025
assist2015,bkt,3,138458,platt,0.002514,0.698987,0.17698
assist2015,bkt,3,138458,isotonic,0.004978,0.69914,0.176959
assist2015,bkt,3,138458,temperature,0.00312,0.698987,0.177002
assist2015,bkt,4,138458,none,0.007721,0.699203,0.177002
assist2015,bkt,4,138458,platt,0.005737,0.699203,0.177017
assist2015,bkt,4,138458,isotonic,0.006255,0.699358,0.176908
assist2015,bkt,4,138458,temperature,0.004065,0.699203,0.176975
assist2017,pfa,0,178823,none,0.012731,0.625663,0.222564
assist2017,pfa,0,178823,platt,0.012454,0.625663,0.222558
assist2017,pfa,0,178823,isotonic,0.003752,0.625774,0.222217
assist2017,pfa,0,178823,temperature,0.012603,0.625663,0.222562
assist2017,pfa,1,178823,none,0.011726,0.625628,0.222557
assist2017,pfa,1,178823,platt,0.012542,0.625628,0.222576
assist2017,pfa,1,178823,isotonic,0.004134,0.625951,0.222137
assist2017,pfa,1,178823,temperature,0.014474,0.625628,0.222604
assist2017,pfa,2,178823,none,0.011951,0.625596,0.222581
assist2017,pfa,2,178823,platt,0.011458,0.625596,0.222565
assist2017,pfa,2,178823,isotonic,0.004786,0.625841,0.222162
assist2017,pfa,2,178823,temperature,0.01279,0.625596,0.222609
assist2017,pfa,3,178823,none,0.010211,0.625793,0.222498
assist2017,pfa,3,178823,platt,0.015074,0.625793,0.222818
assist2017,pfa,3,178823,isotonic,0.010932,0.626013,0.222295
assist2017,pfa,3,178823,temperature,0.009447,0.625793,0.22249
assist2017,pfa,4,178823,none,0.011077,0.62558,0.222553
assist2017,pfa,4,178823,platt,0.009841,0.62558,0.222529
assist2017,pfa,4,178823,isotonic,0.003251,0.625919,0.222136
assist2017,pfa,4,178823,temperature,0.010495,0.62558,0.222546
assist2017,elorasch,0,178823,none,0.027591,0.639886,0.220465
assist2017,elorasch,0,178823,platt,0.007329,0.639886,0.219605
assist2017,elorasch,0,178823,isotonic,0.005358,0.639541,0.219691
assist2017,elorasch,0,178823,temperature,0.007581,0.639886,0.219636
assist2017,elorasch,1,178823,none,0.026142,0.640084,0.220339
assist2017,elorasch,1,178823,platt,0.007491,0.640084,0.219558
assist2017,elorasch,1,178823,isotonic,0.004413,0.639914,0.219528
assist2017,elorasch,1,178823,temperature,0.006914,0.640084,0.219597
assist2017,elorasch,2,178823,none,0.026108,0.639874,0.220366
assist2017,elorasch,2,178823,platt,0.008017,0.639874,0.219603
assist2017,elorasch,2,178823,isotonic,0.004849,0.639754,0.219571
assist2017,elorasch,2,178823,temperature,0.007292,0.639874,0.219646
assist2017,elorasch,3,178823,none,0.027327,0.640106,0.22037
assist2017,elorasch,3,178823,platt,0.007532,0.640106,0.219608
assist2017,elorasch,3,178823,isotonic,0.00615,0.639939,0.219593
assist2017,elorasch,3,178823,temperature,0.007158,0.640106,0.219582
assist2017,elorasch,4,178823,none,0.027362,0.640697,0.220272
assist2017,elorasch,4,178823,platt,0.007445,0.640697,0.219435
assist2017,elorasch,4,178823,isotonic,0.005098,0.640496,0.219452
assist2017,elorasch,4,178823,temperature,0.006742,0.640697,0.219475
assist2017,pfa_recency,0,178823,none,0.010183,0.630406,0.221591
assist2017,pfa_recency,0,178823,platt,0.010722,0.630406,0.221598
assist2017,pfa_recency,0,178823,isotonic,0.003382,0.630312,0.221369
assist2017,pfa_recency,0,178823,temperature,0.010165,0.630406,0.221591
assist2017,pfa_recency,1,178823,none,0.010318,0.630235,0.221633
assist2017,pfa_recency,1,178823,platt,0.012468,0.630235,0.221644
assist2017,pfa_recency,1,178823,isotonic,0.004022,0.630124,0.221368
assist2017,pfa_recency,1,178823,temperature,0.011817,0.630235,0.22167
assist2017,pfa_recency,2,178823,none,0.009284,0.630121,0.221639
assist2017,pfa_recency,2,178823,platt,0.011603,0.630121,0.221635
assist2017,pfa_recency,2,178823,isotonic,0.004656,0.629936,0.221457
assist2017,pfa_recency,2,178823,temperature,0.010632,0.630121,0.221664
assist2017,pfa_recency,3,178823,none,0.010665,0.630655,0.221554
assist2017,pfa_recency,3,178823,platt,0.014231,0.630655,0.221852
assist2017,pfa_recency,3,178823,isotonic,0.010226,0.630394,0.22147
assist2017,pfa_recency,3,178823,temperature,0.010924,0.630655,0.221556
assist2017,pfa_recency,4,178823,none,0.009588,0.630285,0.221604
assist2017,pfa_recency,4,178823,platt,0.009251,0.630285,0.221596
assist2017,pfa_recency,4,178823,isotonic,0.002613,0.630025,0.221373
assist2017,pfa_recency,4,178823,temperature,0.009484,0.630285,0.221602
assist2017,bkt,0,178823,none,0.015001,0.636465,0.219759
assist2017,bkt,0,178823,platt,0.014133,0.636465,0.219587
assist2017,bkt,0,178823,isotonic,0.00344,0.637674,0.219139
assist2017,bkt,0,178823,temperature,0.017006,0.636465,0.219779
assist2017,bkt,1,178823,none,0.014954,0.636374,0.219745
assist2017,bkt,1,178823,platt,0.014236,0.636374,0.219592
assist2017,bkt,1,178823,isotonic,0.004976,0.63751,0.219168
assist2017,bkt,1,178823,temperature,0.01629,0.636374,0.219758
assist2017,bkt,2,178823,none,0.014633,0.636228,0.219794
assist2017,bkt,2,178823,platt,0.015227,0.636228,0.219659
assist2017,bkt,2,178823,isotonic,0.005224,0.637295,0.219274
assist2017,bkt,2,178823,temperature,0.016366,0.636228,0.219825
assist2017,bkt,3,178823,none,0.015258,0.63672,0.219751
assist2017,bkt,3,178823,platt,0.00964,0.63672,0.219647
assist2017,bkt,3,178823,isotonic,0.007537,0.637998,0.219207
assist2017,bkt,3,178823,temperature,0.014685,0.63672,0.219744
assist2017,bkt,4,178823,none,0.014284,0.636487,0.219738
assist2017,bkt,4,178823,platt,0.013871,0.636486,0.219589
assist2017,bkt,4,178823,isotonic,0.00601,0.637712,0.219211
assist2017,bkt,4,178823,temperature,0.015508,0.636486,0.219756
algebra2005,pfa,0,93595,none,0.032898,0.738112,0.158571
algebra2005,pfa,0,93595,platt,0.018108,0.738112,0.155809
algebra2005,pfa,0,93595,isotonic,0.013202,0.738317,0.155462
algebra2005,pfa,0,93595,temperature,0.054183,0.738112,0.159121
algebra2005,pfa,1,93595,none,0.035315,0.738068,0.158693
algebra2005,pfa,1,93595,platt,0.021192,0.738068,0.155817
algebra2005,pfa,1,93595,isotonic,0.017407,0.738066,0.155467
algebra2005,pfa,1,93595,temperature,0.054069,0.738068,0.159189
algebra2005,pfa,2,93595,none,0.035932,0.736992,0.159401
algebra2005,pfa,2,93595,platt,0.013221,0.736992,0.155967
algebra2005,pfa,2,93595,isotonic,0.003997,0.737113,0.155364
algebra2005,pfa,2,93595,temperature,0.049977,0.736992,0.159457
algebra2005,pfa,3,93595,none,0.03303,0.73724,0.158536
algebra2005,pfa,3,93595,platt,0.011702,0.73724,0.155841
algebra2005,pfa,3,93595,isotonic,0.005247,0.737763,0.155304
algebra2005,pfa,3,93595,temperature,0.043761,0.73724,0.158656
algebra2005,pfa,4,93595,none,0.037521,0.736857,0.158752
algebra2005,pfa,4,93595,platt,0.008729,0.736857,0.15561
algebra2005,pfa,4,93595,isotonic,0.006212,0.737118,0.155173
algebra2005,pfa,4,93595,temperature,0.045093,0.736857,0.158662
algebra2005,elorasch,0,93595,none,0.063046,0.734757,0.16115
algebra2005,elorasch,0,93595,platt,0.017468,0.734757,0.157234
algebra2005,elorasch,0,93595,isotonic,0.011888,0.73459,0.156853
algebra2005,elorasch,0,93595,temperature,0.011236,0.734757,0.156978
algebra2005,elorasch,1,93595,none,0.063955,0.735816,0.161203
algebra2005,elorasch,1,93595,platt,0.023675,0.735816,0.157409
algebra2005,elorasch,1,93595,isotonic,0.024034,0.73512,0.157387
algebra2005,elorasch,1,93595,temperature,0.015768,0.735816,0.157038
algebra2005,elorasch,2,93595,none,0.060464,0.73326,0.161148
algebra2005,elorasch,2,93595,platt,0.016296,0.73326,0.157502
algebra2005,elorasch,2,93595,isotonic,0.008474,0.732719,0.157348
algebra2005,elorasch,2,93595,temperature,0.011765,0.73326,0.157288
algebra2005,elorasch,3,93595,none,0.061889,0.73492,0.161078
algebra2005,elorasch,3,93595,platt,0.014897,0.73492,0.157188
algebra2005,elorasch,3,93595,isotonic,0.007507,0.734534,0.156954
algebra2005,elorasch,3,93595,temperature,0.01176,0.73492,0.157042
algebra2005,elorasch,4,93595,none,0.060838,0.734252,0.161071
algebra2005,elorasch,4,93595,platt,0.012041,0.734252,0.15721
algebra2005,elorasch,4,93595,isotonic,0.008311,0.733779,0.156999
algebra2005,elorasch,4,93595,temperature,0.011266,0.734252,0.157183
algebra2005,pfa_recency,0,93595,none,0.035939,0.741386,0.160152
algebra2005,pfa_recency,0,93595,platt,0.017869,0.741386,0.155235
algebra2005,pfa_recency,0,93595,isotonic,0.012892,0.741238,0.154809
algebra2005,pfa_recency,0,93595,temperature,0.066341,0.741386,0.160497
algebra2005,pfa_recency,1,93595,none,0.036694,0.741393,0.160682
algebra2005,pfa_recency,1,93595,platt,0.022698,0.741393,0.155382
algebra2005,pfa_recency,1,93595,isotonic,0.017424,0.74123,0.154881
algebra2005,pfa_recency,1,93595,temperature,0.066044,0.741393,0.160791
algebra2005,pfa_recency,2,93595,none,0.036765,0.740241,0.159914
algebra2005,pfa_recency,2,93595,platt,0.019418,0.740241,0.15538
algebra2005,pfa_recency,2,93595,isotonic,0.005212,0.739901,0.154819
algebra2005,pfa_recency,2,93595,temperature,0.058178,0.740241,0.159977
algebra2005,pfa_recency,3,93595,none,0.037026,0.739917,0.160319
algebra2005,pfa_recency,3,93595,platt,0.017817,0.739917,0.155302
algebra2005,pfa_recency,3,93595,isotonic,0.005395,0.73984,0.154851
algebra2005,pfa_recency,3,93595,temperature,0.055204,0.739917,0.160089
algebra2005,pfa_recency,4,93595,none,0.039286,0.740662,0.160332
algebra2005,pfa_recency,4,93595,platt,0.01856,0.740662,0.155248
algebra2005,pfa_recency,4,93595,isotonic,0.005632,0.74048,0.154747
algebra2005,pfa_recency,4,93595,temperature,0.054021,0.740662,0.160096
algebra2005,bkt,0,93595,none,0.011568,0.750809,0.152249
algebra2005,bkt,0,93595,platt,0.016334,0.750814,0.152486
algebra2005,bkt,0,93595,isotonic,0.01511,0.75162,0.151674
algebra2005,bkt,0,93595,temperature,0.012507,0.750808,0.152296
algebra2005,bkt,1,93595,none,0.014804,0.750079,0.15231
algebra2005,bkt,1,93595,platt,0.018467,0.750079,0.152616
algebra2005,bkt,1,93595,isotonic,0.015133,0.750865,0.151807
algebra2005,bkt,1,93595,temperature,0.012129,0.750078,0.152336
algebra2005,bkt,2,93595,none,0.010821,0.750231,0.152387
algebra2005,bkt,2,93595,platt,0.010088,0.750231,0.152332
algebra2005,bkt,2,93595,isotonic,0.006888,0.750954,0.151751
algebra2005,bkt,2,93595,temperature,0.009067,0.750235,0.152369
algebra2005,bkt,3,93595,none,0.010838,0.750609,0.152319
algebra2005,bkt,3,93595,platt,0.011308,0.750604,0.15223
algebra2005,bkt,3,93595,isotonic,0.008437,0.751065,0.15149
algebra2005,bkt,3,93595,temperature,0.01004,0.750608,0.152279
algebra2005,bkt,4,93595,none,0.013113,0.750802,0.152331
algebra2005,bkt,4,93595,platt,0.011608,0.750803,0.152223
algebra2005,bkt,4,93595,isotonic,0.006502,0.751787,0.151502
algebra2005,bkt,4,93595,temperature,0.010123,0.750805,0.152283
bridge2algebra2006,pfa,0,354262,none,0.010535,0.745876,0.117695
bridge2algebra2006,pfa,0,354262,platt,0.009924,0.745876,0.117682
bridge2algebra2006,pfa,0,354262,isotonic,0.003519,0.74597,0.11736
bridge2algebra2006,pfa,0,354262,temperature,0.009885,0.745876,0.117681
bridge2algebra2006,pfa,1,354262,none,0.01322,0.745517,0.11796
bridge2algebra2006,pfa,1,354262,platt,0.010794,0.745517,0.117885
bridge2algebra2006,pfa,1,354262,isotonic,0.004233,0.7456,0.117454
bridge2algebra2006,pfa,1,354262,temperature,0.012458,0.745517,0.117941
bridge2algebra2006,pfa,2,354262,none,0.009077,0.745757,0.117734
bridge2algebra2006,pfa,2,354262,platt,0.010039,0.745757,0.117757
bridge2algebra2006,pfa,2,354262,isotonic,0.003099,0.745898,0.117396
bridge2algebra2006,pfa,2,354262,temperature,0.009624,0.745757,0.117741
bridge2algebra2006,pfa,3,354262,none,0.008025,0.746064,0.117644
bridge2algebra2006,pfa,3,354262,platt,0.012558,0.746064,0.117746
bridge2algebra2006,pfa,3,354262,isotonic,0.006616,0.746157,0.117384
bridge2algebra2006,pfa,3,354262,temperature,0.012066,0.746064,0.117711
bridge2algebra2006,pfa,4,354262,none,0.010592,0.745504,0.117729
bridge2algebra2006,pfa,4,354262,platt,0.010958,0.745504,0.117773
bridge2algebra2006,pfa,4,354262,isotonic,0.00417,0.745536,0.117432
bridge2algebra2006,pfa,4,354262,temperature,0.009882,0.745504,0.117719
bridge2algebra2006,elorasch,0,354262,none,0.073587,0.706698,0.128977
bridge2algebra2006,elorasch,0,354262,platt,0.004052,0.706698,0.12309
bridge2algebra2006,elorasch,0,354262,isotonic,0.001885,0.706587,0.123036
bridge2algebra2006,elorasch,0,354262,temperature,0.008608,0.706698,0.123227
bridge2algebra2006,elorasch,1,354262,none,0.073316,0.707279,0.128851
bridge2algebra2006,elorasch,1,354262,platt,0.005187,0.707279,0.123024
bridge2algebra2006,elorasch,1,354262,isotonic,0.005149,0.707072,0.123068
bridge2algebra2006,elorasch,1,354262,temperature,0.009161,0.707279,0.123144
bridge2algebra2006,elorasch,2,354262,none,0.073058,0.705961,0.128867
bridge2algebra2006,elorasch,2,354262,platt,0.007588,0.705961,0.123137
bridge2algebra2006,elorasch,2,354262,isotonic,0.00799,0.705767,0.123157
bridge2algebra2006,elorasch,2,354262,temperature,0.011984,0.705961,0.123218
bridge2algebra2006,elorasch,3,354262,none,0.073858,0.706917,0.129032
bridge2algebra2006,elorasch,3,354262,platt,0.005269,0.706917,0.123104
bridge2algebra2006,elorasch,3,354262,isotonic,0.004762,0.70639,0.123109
bridge2algebra2006,elorasch,3,354262,temperature,0.008579,0.706917,0.123224
bridge2algebra2006,elorasch,4,354262,none,0.074193,0.706797,0.129113
bridge2algebra2006,elorasch,4,354262,platt,0.007126,0.706797,0.123153
bridge2algebra2006,elorasch,4,354262,isotonic,0.004989,0.706457,0.12316
bridge2algebra2006,elorasch,4,354262,temperature,0.00957,0.706797,0.123234
bridge2algebra2006,pfa_recency,0,354262,none,0.008324,0.74856,0.117097
bridge2algebra2006,pfa_recency,0,354262,platt,0.007798,0.74856,0.117089
bridge2algebra2006,pfa_recency,0,354262,isotonic,0.003557,0.748563,0.116874
bridge2algebra2006,pfa_recency,0,354262,temperature,0.007698,0.74856,0.117087
bridge2algebra2006,pfa_recency,1,354262,none,0.008432,0.748356,0.11715
bridge2algebra2006,pfa_recency,1,354262,platt,0.008101,0.748356,0.117143
bridge2algebra2006,pfa_recency,1,354262,isotonic,0.0038,0.748271,0.116948
bridge2algebra2006,pfa_recency,1,354262,temperature,0.008274,0.748356,0.117145
bridge2algebra2006,pfa_recency,2,354262,none,0.00848,0.748654,0.117095
bridge2algebra2006,pfa_recency,2,354262,platt,0.009251,0.748654,0.117109
bridge2algebra2006,pfa_recency,2,354262,isotonic,0.002894,0.748537,0.116865
bridge2algebra2006,pfa_recency,2,354262,temperature,0.008946,0.748654,0.117103
bridge2algebra2006,pfa_recency,3,354262,none,0.0077,0.748474,0.117142
bridge2algebra2006,pfa_recency,3,354262,platt,0.010762,0.748474,0.1172
bridge2algebra2006,pfa_recency,3,354262,isotonic,0.005375,0.748419,0.116994
bridge2algebra2006,pfa_recency,3,354262,temperature,0.010374,0.748474,0.117178
bridge2algebra2006,pfa_recency,4,354262,none,0.007373,0.74841,0.117124
bridge2algebra2006,pfa_recency,4,354262,platt,0.009725,0.74841,0.117166
bridge2algebra2006,pfa_recency,4,354262,isotonic,0.003732,0.748334,0.116961
bridge2algebra2006,pfa_recency,4,354262,temperature,0.007812,0.74841,0.11713
bridge2algebra2006,bkt,0,354262,none,0.005993,0.74681,0.116372
bridge2algebra2006,bkt,0,354262,platt,0.005253,0.746813,0.116265
bridge2algebra2006,bkt,0,354262,isotonic,0.003502,0.748261,0.116001
bridge2algebra2006,bkt,0,354262,temperature,0.007067,0.746811,0.116377
bridge2algebra2006,bkt,1,354262,none,0.006365,0.746771,0.116384
bridge2algebra2006,bkt,1,354262,platt,0.00558,0.746772,0.116312
bridge2algebra2006,bkt,1,354262,isotonic,0.00315,0.74803,0.116005
bridge2algebra2006,bkt,1,354262,temperature,0.005799,0.746772,0.116384
bridge2algebra2006,bkt,2,354262,none,0.005614,0.746254,0.116368
bridge2algebra2006,bkt,2,354262,platt,0.008348,0.746255,0.116295
bridge2algebra2006,bkt,2,354262,isotonic,0.006451,0.747467,0.115989
bridge2algebra2006,bkt,2,354262,temperature,0.009823,0.746254,0.1164
bridge2algebra2006,bkt,3,354262,none,0.0057,0.746117,0.116367
bridge2algebra2006,bkt,3,354262,platt,0.008866,0.746116,0.11631
bridge2algebra2006,bkt,3,354262,isotonic,0.007453,0.747548,0.116045
bridge2algebra2006,bkt,3,354262,temperature,0.01113,0.746117,0.116418
bridge2algebra2006,bkt,4,354262,none,0.006337,0.746749,0.116325
bridge2algebra2006,bkt,4,354262,platt,0.006028,0.746749,0.116206
bridge2algebra2006,bkt,4,354262,isotonic,0.004217,0.74743,0.115915
bridge2algebra2006,bkt,4,354262,temperature,0.008499,0.746753,0.11634
assist2012,pfa,0,542817,none,0.01349,0.666772,0.196485
assist2012,pfa,0,542817,platt,0.015832,0.666772,0.19654
assist2012,pfa,0,542817,isotonic,0.001419,0.66719,0.195747
assist2012,pfa,0,542817,temperature,0.014237,0.666772,0.196504
assist2012,pfa,1,542817,none,0.014455,0.666735,0.196523
assist2012,pfa,1,542817,platt,0.015356,0.666735,0.196534
assist2012,pfa,1,542817,isotonic,0.002248,0.667235,0.195787
assist2012,pfa,1,542817,temperature,0.014524,0.666735,0.196521
assist2012,pfa,2,542817,none,0.014019,0.666602,0.196518
assist2012,pfa,2,542817,platt,0.014333,0.666602,0.196524
assist2012,pfa,2,542817,isotonic,0.002708,0.667065,0.195825
assist2012,pfa,2,542817,temperature,0.014064,0.666602,0.196513
assist2012,pfa,3,542817,none,0.014423,0.66688,0.196486
assist2012,pfa,3,542817,platt,0.017182,0.66688,0.19655
assist2012,pfa,3,542817,isotonic,0.002276,0.667333,0.195774
assist2012,pfa,3,542817,temperature,0.015019,0.66688,0.196503
assist2012,pfa,4,542817,none,0.01377,0.666806,0.19649
assist2012,pfa,4,542817,platt,0.01577,0.666806,0.196532
assist2012,pfa,4,542817,isotonic,0.003376,0.66734,0.195765
assist2012,pfa,4,542817,temperature,0.015194,0.666806,0.19652
assist2012,elorasch,0,542817,none,0.048036,0.670882,0.197877
assist2012,elorasch,0,542817,platt,0.003843,0.670882,0.194941
assist2012,elorasch,0,542817,isotonic,0.00278,0.670843,0.194937
assist2012,elorasch,0,542817,temperature,0.007009,0.670882,0.19499
assist2012,elorasch,1,542817,none,0.047326,0.671028,0.197825
assist2012,elorasch,1,542817,platt,0.004559,0.671028,0.194968
assist2012,elorasch,1,542817,isotonic,0.002363,0.67097,0.19496
assist2012,elorasch,1,542817,temperature,0.007289,0.671028,0.195006
assist2012,elorasch,2,542817,none,0.04658,0.670727,0.197751
assist2012,elorasch,2,542817,platt,0.005,0.670727,0.195008
assist2012,elorasch,2,542817,isotonic,0.001645,0.670712,0.194986
assist2012,elorasch,2,542817,temperature,0.00743,0.670727,0.195044
assist2012,elorasch,3,542817,none,0.048632,0.671081,0.197907
assist2012,elorasch,3,542817,platt,0.005128,0.671081,0.194945
assist2012,elorasch,3,542817,isotonic,0.002744,0.671036,0.194929
assist2012,elorasch,3,542817,temperature,0.007355,0.671081,0.194975
assist2012,elorasch,4,542817,none,0.046813,0.671057,0.197735
assist2012,elorasch,4,542817,platt,0.003931,0.671057,0.194935
assist2012,elorasch,4,542817,isotonic,0.002272,0.670978,0.194931
assist2012,elorasch,4,542817,temperature,0.007332,0.671057,0.194985
assist2012,pfa_recency,0,542817,none,0.008979,0.673154,0.194816
assist2012,pfa_recency,0,542817,platt,0.011982,0.673154,0.194864
assist2012,pfa_recency,0,542817,isotonic,0.003007,0.673276,0.194469
assist2012,pfa_recency,0,542817,temperature,0.01034,0.673154,0.194837
assist2012,pfa_recency,1,542817,none,0.010376,0.673234,0.194837
assist2012,pfa_recency,1,542817,platt,0.010894,0.673234,0.194844
assist2012,pfa_recency,1,542817,isotonic,0.001699,0.673341,0.194479
assist2012,pfa_recency,1,542817,temperature,0.010238,0.673234,0.194836
assist2012,pfa_recency,2,542817,none,0.009648,0.673164,0.194827
assist2012,pfa_recency,2,542817,platt,0.010292,0.673164,0.194832
assist2012,pfa_recency,2,542817,isotonic,0.002205,0.673304,0.194489
assist2012,pfa_recency,2,542817,temperature,0.009448,0.673164,0.194824
assist2012,pfa_recency,3,542817,none,0.009949,0.673278,0.194815
assist2012,pfa_recency,3,542817,platt,0.01234,0.673278,0.194854
assist2012,pfa_recency,3,542817,isotonic,0.00224,0.67338,0.194496
assist2012,pfa_recency,3,542817,temperature,0.010511,0.673278,0.194825
assist2012,pfa_recency,4,542817,none,0.009798,0.673295,0.194809
assist2012,pfa_recency,4,542817,platt,0.011043,0.673295,0.194833
assist2012,pfa_recency,4,542817,isotonic,0.003276,0.673356,0.194488
assist2012,pfa_recency,4,542817,temperature,0.01088,0.673295,0.194831
assist2012,bkt,0,542817,none,0.007341,0.680836,0.192349
assist2012,bkt,0,542817,platt,0.00525,0.680836,0.192339
assist2012,bkt,0,542817,isotonic,0.002894,0.681126,0.192149
assist2012,bkt,0,542817,temperature,0.005312,0.680836,0.192342
assist2012,bkt,1,542817,none,0.006949,0.680724,0.192339
assist2012,bkt,1,542817,platt,0.005475,0.680724,0.192327
assist2012,bkt,1,542817,isotonic,0.002547,0.680945,0.192132
assist2012,bkt,1,542817,temperature,0.005697,0.680724,0.192332
assist2012,bkt,2,542817,none,0.006629,0.680908,0.192331
assist2012,bkt,2,542817,platt,0.006392,0.680908,0.192328
assist2012,bkt,2,542817,isotonic,0.003356,0.681131,0.192122
assist2012,bkt,2,542817,temperature,0.006675,0.680908,0.192332
assist2012,bkt,3,542817,none,0.006461,0.680942,0.192335
assist2012,bkt,3,542817,platt,0.006019,0.680942,0.192335
assist2012,bkt,3,542817,isotonic,0.003167,0.681153,0.192151
assist2012,bkt,3,542817,temperature,0.005648,0.680942,0.192329
assist2012,bkt,4,542817,none,0.006844,0.680866,0.192325
assist2012,bkt,4,542817,platt,0.005276,0.680866,0.192323
assist2012,bkt,4,542817,isotonic,0.002822,0.681115,0.19215
assist2012,bkt,4,542817,temperature,0.004924,0.680866,0.192321
ednet,pfa,0,133974,none,0.043243,0.621717,0.21845
ednet,pfa,0,133974,platt,0.022571,0.621717,0.215726
ednet,pfa,0,133974,isotonic,0.010483,0.622093,0.214863
ednet,pfa,0,133974,temperature,0.023286,0.621717,0.216058
ednet,pfa,1,133974,none,0.044053,0.622562,0.218842
ednet,pfa,1,133974,platt,0.038782,0.622562,0.216707
ednet,pfa,1,133974,isotonic,0.013671,0.622371,0.214876
ednet,pfa,1,133974,temperature,0.055782,0.622562,0.218372
ednet,pfa,2,133974,none,0.040605,0.621587,0.218147
ednet,pfa,2,133974,platt,0.021084,0.621587,0.215983
ednet,pfa,2,133974,isotonic,0.01128,0.621916,0.214949
ednet,pfa,2,133974,temperature,0.021741,0.621587,0.216267
ednet,pfa,3,133974,none,0.049337,0.623009,0.219382
ednet,pfa,3,133974,platt,0.044653,0.623009,0.217087
ednet,pfa,3,133974,isotonic,0.019794,0.623341,0.215265
ednet,pfa,3,133974,temperature,0.058842,0.623009,0.218944
ednet,pfa,4,133974,none,0.043058,0.621932,0.218546
ednet,pfa,4,133974,platt,0.028531,0.621932,0.21658
ednet,pfa,4,133974,isotonic,0.009114,0.622412,0.21487
ednet,pfa,4,133974,temperature,0.044701,0.621932,0.217514
ednet,elorasch,0,133974,none,0.047383,0.641491,0.213957
ednet,elorasch,0,133974,platt,0.006903,0.641491,0.211431
ednet,elorasch,0,133974,isotonic,0.005777,0.641302,0.211438
ednet,elorasch,0,133974,temperature,0.007392,0.641491,0.211432
ednet,elorasch,1,133974,none,0.046444,0.640902,0.213805
ednet,elorasch,1,133974,platt,0.01154,0.640902,0.211537
ednet,elorasch,1,133974,isotonic,0.010547,0.64035,0.211583
ednet,elorasch,1,133974,temperature,0.011092,0.640902,0.211528
ednet,elorasch,2,133974,none,0.047828,0.641586,0.21396
ednet,elorasch,2,133974,platt,0.005848,0.641586,0.211438
ednet,elorasch,2,133974,isotonic,0.004776,0.641264,0.211597
ednet,elorasch,2,133974,temperature,0.006865,0.641586,0.211419
ednet,elorasch,3,133974,none,0.047533,0.641601,0.21397
ednet,elorasch,3,133974,platt,0.025412,0.641601,0.212056
ednet,elorasch,3,133974,isotonic,0.024867,0.641222,0.212086
ednet,elorasch,3,133974,temperature,0.022931,0.641601,0.211934
ednet,elorasch,4,133974,none,0.045891,0.641109,0.213902
ednet,elorasch,4,133974,platt,0.00943,0.641109,0.211553
ednet,elorasch,4,133974,isotonic,0.008859,0.640924,0.211562
ednet,elorasch,4,133974,temperature,0.006209,0.641109,0.211503
ednet,pfa_recency,0,133974,none,0.061656,0.623624,0.221917
ednet,pfa_recency,0,133974,platt,0.025824,0.623624,0.215589
ednet,pfa_recency,0,133974,isotonic,0.010247,0.623609,0.21465
ednet,pfa_recency,0,133974,temperature,0.035644,0.623624,0.216398
ednet,pfa_recency,1,133974,none,0.072675,0.623163,0.224269
ednet,pfa_recency,1,133974,platt,0.031818,0.623163,0.216086
ednet,pfa_recency,1,133974,isotonic,0.014668,0.622884,0.214816
ednet,pfa_recency,1,133974,temperature,0.047744,0.623163,0.217805
ednet,pfa_recency,2,133974,none,0.061939,0.623638,0.222142
ednet,pfa_recency,2,133974,platt,0.027897,0.623638,0.215498
ednet,pfa_recency,2,133974,isotonic,0.009779,0.623785,0.21459
ednet,pfa_recency,2,133974,temperature,0.036244,0.623638,0.216421
ednet,pfa_recency,3,133974,none,0.067582,0.62483,0.222974
ednet,pfa_recency,3,133974,platt,0.040396,0.62483,0.216418
ednet,pfa_recency,3,133974,isotonic,0.018211,0.624755,0.215025
ednet,pfa_recency,3,133974,temperature,0.055567,0.62483,0.218266
ednet,pfa_recency,4,133974,none,0.064328,0.624241,0.222488
ednet,pfa_recency,4,133974,platt,0.032211,0.624241,0.215756
ednet,pfa_recency,4,133974,isotonic,0.009678,0.624258,0.214519
ednet,pfa_recency,4,133974,temperature,0.043003,0.624241,0.217178
ednet,bkt,0,133974,none,0.015593,0.62951,0.213726
ednet,bkt,0,133974,platt,0.016162,0.62951,0.213833
ednet,bkt,0,133974,isotonic,0.011892,0.629291,0.213493
ednet,bkt,0,133974,temperature,0.015199,0.62951,0.213826
ednet,bkt,1,133974,none,0.013172,0.627875,0.213823
ednet,bkt,1,133974,platt,0.022887,0.627875,0.214251
ednet,bkt,1,133974,isotonic,0.02143,0.627848,0.213832
ednet,bkt,1,133974,temperature,0.019003,0.627875,0.214087
ednet,bkt,2,133974,none,0.014235,0.629019,0.213746
ednet,bkt,2,133974,platt,0.017303,0.629019,0.2139
ednet,bkt,2,133974,isotonic,0.015015,0.628593,0.213695
ednet,bkt,2,133974,temperature,0.01612,0.629019,0.213892
ednet,bkt,3,133974,none,0.011122,0.628835,0.213744
ednet,bkt,3,133974,platt,0.018511,0.628835,0.214015
ednet,bkt,3,133974,isotonic,0.014389,0.628702,0.213615
ednet,bkt,3,133974,temperature,0.014337,0.628835,0.213801
ednet,bkt,4,133974,none,0.01389,0.62902,0.213774
ednet,bkt,4,133974,platt,0.011469,0.62902,0.213831
ednet,bkt,4,133974,isotonic,0.00737,0.6286,0.21344
ednet,bkt,4,133974,temperature,0.008354,0.62902,0.213775
