dataset,model,method,ece_v2_leakfit,ece_v4_leakfree,delta_v4_minus_v2,ratio_v2_over_v4
algebra2005,akt,isotonic,0.0674,0.0066,-0.0608,10.21
algebra2005,akt,none,0.0315,0.027198,-0.004302,1.16
algebra2005,akt,platt,0.0667,0.017135,-0.049565,3.89
algebra2005,akt,temperature,0.0616,0.017851,-0.043749,3.45
algebra2005,dkt,isotonic,0.0433,0.00607,-0.03723,7.13
algebra2005,dkt,none,0.0111,0.011583,0.000483,0.96
algebra2005,dkt,platt,0.0452,0.006017,-0.039183,7.51
algebra2005,dkt,temperature,0.0327,0.011989,-0.020711,2.73
algebra2005,sakt,isotonic,0.0644,0.007455,-0.056945,8.64
algebra2005,sakt,none,0.0546,0.05451,-9e-05,1.0
algebra2005,sakt,platt,0.0566,0.01241,-0.04419,4.56
algebra2005,sakt,temperature,0.0497,0.025174,-0.024526,1.97
algebra2005,simplekt,isotonic,0.0709,0.006551,-0.064349,10.82
algebra2005,simplekt,none,0.0556,0.055565,-3.5e-05,1.0
algebra2005,simplekt,platt,0.059,0.013747,-0.045253,4.29
algebra2005,simplekt,temperature,0.0556,0.024554,-0.031046,2.26
assist2009,akt,isotonic,0.0333,0.011848,-0.021452,2.81
assist2009,akt,none,0.0193,0.021062,0.001762,0.92
assist2009,akt,platt,0.0303,0.013291,-0.017009,2.28
assist2009,akt,temperature,0.0297,0.007504,-0.022196,3.96
assist2009,dkt,isotonic,0.0385,0.012349,-0.026151,3.12
assist2009,dkt,none,0.0127,0.012017,-0.000683,1.06
assist2009,dkt,platt,0.0342,0.0125,-0.0217,2.74
assist2009,dkt,temperature,0.0324,0.006583,-0.025817,4.92
assist2009,sakt,isotonic,0.0171,0.013075,-0.004025,1.31
assist2009,sakt,none,0.0432,0.043662,0.000462,0.99
assist2009,sakt,platt,0.0146,0.012107,-0.002493,1.21
assist2009,sakt,temperature,0.0155,0.009044,-0.006456,1.71
assist2009,simplekt,isotonic,0.0497,0.013672,-0.036028,3.64
assist2009,simplekt,none,0.0802,0.080257,5.7e-05,1.0
assist2009,simplekt,platt,0.0326,0.015539,-0.017061,2.1
assist2009,simplekt,temperature,0.0387,0.020447,-0.018253,1.89
assist2012,akt,isotonic,0.0022,0.002152,-4.8e-05,1.02
assist2012,akt,none,0.006,0.014181,0.008181,0.42
assist2012,akt,platt,0.0036,0.001708,-0.001892,2.11
assist2012,akt,temperature,0.006,0.00362,-0.00238,1.66
assist2012,dkt,isotonic,0.002,0.00204,4e-05,0.98
assist2012,dkt,none,0.0097,0.005533,-0.004167,1.75
assist2012,dkt,platt,0.0023,0.002098,-0.000202,1.1
assist2012,dkt,temperature,0.0049,0.003215,-0.001685,1.52
assist2012,sakt,isotonic,0.0027,0.002661,-3.9e-05,1.01
assist2012,sakt,none,0.0124,0.012367,-3.3e-05,1.0
assist2012,sakt,platt,0.0046,0.004596,-4e-06,1.0
assist2012,sakt,temperature,0.0065,0.006498,-2e-06,1.0
assist2012,simplekt,isotonic,0.0019,0.00187,-3e-05,1.02
assist2012,simplekt,none,0.0152,0.015158,-4.2e-05,1.0
assist2012,simplekt,platt,0.0037,0.003695,-5e-06,1.0
assist2012,simplekt,temperature,0.0136,0.013603,3e-06,1.0
assist2017,akt,isotonic,0.0055,0.004964,-0.000536,1.11
assist2017,akt,none,0.0101,0.017436,0.007336,0.58
assist2017,akt,platt,0.0098,0.005003,-0.004797,1.96
assist2017,akt,temperature,0.0096,0.017523,0.007923,0.55
assist2017,dkt,isotonic,0.0047,0.004945,0.000245,0.95
assist2017,dkt,none,0.0137,0.017069,0.003369,0.8
assist2017,dkt,platt,0.0048,0.005026,0.000226,0.96
assist2017,dkt,temperature,0.015,0.018362,0.003362,0.82
assist2017,sakt,isotonic,0.004,0.004081,8.1e-05,0.98
assist2017,sakt,none,0.0106,0.010666,6.6e-05,0.99
assist2017,sakt,platt,0.0054,0.005127,-0.000273,1.05
assist2017,sakt,temperature,0.0078,0.007894,9.4e-05,0.99
assist2017,simplekt,isotonic,0.0041,0.004051,-4.9e-05,1.01
assist2017,simplekt,none,0.0231,0.023126,2.6e-05,1.0
assist2017,simplekt,platt,0.0074,0.007368,-3.2e-05,1.0
assist2017,simplekt,temperature,0.0174,0.017427,2.7e-05,1.0
bridge2algebra2006,akt,isotonic,0.003,0.002694,-0.000306,1.11
bridge2algebra2006,akt,none,0.0022,0.007103,0.004903,0.31
bridge2algebra2006,akt,platt,0.0033,0.002992,-0.000308,1.1
bridge2algebra2006,akt,temperature,0.0028,0.005034,0.002234,0.56
bridge2algebra2006,dkt,isotonic,0.0031,0.003353,0.000253,0.92
bridge2algebra2006,dkt,none,0.0043,0.00589,0.00159,0.73
bridge2algebra2006,dkt,platt,0.0032,0.003132,-6.8e-05,1.02
bridge2algebra2006,dkt,temperature,0.0049,0.005813,0.000913,0.84
bridge2algebra2006,sakt,isotonic,0.0029,0.003026,0.000126,0.96
bridge2algebra2006,sakt,none,0.013,0.014125,0.001125,0.92
bridge2algebra2006,sakt,platt,0.0029,0.002985,8.5e-05,0.97
bridge2algebra2006,sakt,temperature,0.0098,0.010573,0.000773,0.93
bridge2algebra2006,simplekt,isotonic,0.0031,0.003079,-2.1e-05,1.01
bridge2algebra2006,simplekt,none,0.0192,0.019206,6e-06,1.0
bridge2algebra2006,simplekt,platt,0.0062,0.006186,-1.4e-05,1.0
bridge2algebra2006,simplekt,temperature,0.0125,0.01248,-2e-05,1.0
ednet,akt,isotonic,0.1584,0.013165,-0.145235,12.03
ednet,akt,none,0.0911,0.093004,0.001904,0.98
ednet,akt,platt,0.1747,0.013788,-0.160912,12.67
ednet,akt,temperature,0.1655,0.067272,-0.098228,2.46
ednet,dkt,isotonic,0.1268,0.014428,-0.112372,8.79
ednet,dkt,none,0.0893,0.089399,9.9e-05,1.0
ednet,dkt,platt,0.1691,0.017243,-0.151857,9.81
ednet,dkt,temperature,0.1579,0.063098,-0.094802,2.5
ednet,sakt,isotonic,0.139,0.013206,-0.125794,10.53
ednet,sakt,none,0.1204,0.120402,2e-06,1.0
ednet,sakt,platt,0.1666,0.013885,-0.152715,12.0
ednet,sakt,temperature,0.1606,0.069524,-0.091076,2.31
ednet,simplekt,isotonic,0.1612,0.012117,-0.149083,13.3
ednet,simplekt,none,0.1427,0.142708,8e-06,1.0
ednet,simplekt,platt,0.1753,0.021922,-0.153378,8.0
ednet,simplekt,temperature,0.171,0.062495,-0.108505,2.74
