dataset,model,method,n_folds,folds,ece_mean,ece_std,auc_mean,auc_std,brier_mean,brier_std,n_test
algebra2005,akt,isotonic,5,"0,1,2,3,4",0.004753,0.002294,0.916406,0.001045,0.097321,0.000597,134674
algebra2005,akt,none,5,"0,1,2,3,4",0.006761,0.003964,0.916459,0.001063,0.097329,0.000593,134674
algebra2005,akt,platt,5,"0,1,2,3,4",0.005717,0.001905,0.916459,0.001063,0.097312,0.00061,134674
algebra2005,akt,temperature,5,"0,1,2,3,4",0.00489,0.000823,0.916459,0.001063,0.097305,0.000607,134674
algebra2005,dkt,isotonic,5,"0,1,2,3,4",0.003972,0.002056,0.919541,0.000517,0.093943,0.000283,134674
algebra2005,dkt,none,5,"0,1,2,3,4",0.005617,0.002413,0.919609,0.000547,0.093941,0.000302,134674
algebra2005,dkt,platt,5,"0,1,2,3,4",0.005366,0.002197,0.919609,0.000547,0.093932,0.000349,134674
algebra2005,dkt,temperature,5,"0,1,2,3,4",0.00492,0.003155,0.919609,0.000547,0.093928,0.000305,134674
algebra2005,sakt,isotonic,5,"0,1,2,3,4",0.004925,0.001892,0.90597,0.000737,0.101156,0.000512,134674
algebra2005,sakt,none,5,"0,1,2,3,4",0.025521,0.003349,0.906042,0.000739,0.102134,0.000694,134674
algebra2005,sakt,platt,5,"0,1,2,3,4",0.005082,0.002134,0.906042,0.000739,0.101117,0.00052,134674
algebra2005,sakt,temperature,5,"0,1,2,3,4",0.006528,0.003526,0.906042,0.000739,0.101179,0.000512,134674
algebra2005,simplekt,isotonic,5,"0,1,2,3,4",0.005057,0.001833,0.921577,0.001407,0.093657,0.001049,134674
algebra2005,simplekt,none,5,"0,1,2,3,4",0.022923,0.007056,0.92164,0.001408,0.094576,0.000582,134674
algebra2005,simplekt,platt,5,"0,1,2,3,4",0.007757,0.002391,0.92164,0.001408,0.09373,0.001022,134674
algebra2005,simplekt,temperature,5,"0,1,2,3,4",0.010754,0.007387,0.92164,0.001408,0.094006,0.001164,134674
assist2009,akt,isotonic,5,"0,1,2,3,4",0.009318,0.00224,0.829989,0.001118,0.155231,0.000445,61904
assist2009,akt,none,5,"0,1,2,3,4",0.010003,0.005325,0.830247,0.001042,0.155157,0.000436,61904
assist2009,akt,platt,5,"0,1,2,3,4",0.00955,0.002316,0.830247,0.001042,0.15514,0.000424,61904
assist2009,akt,temperature,5,"0,1,2,3,4",0.006387,0.003264,0.830247,0.001042,0.155082,0.000421,61904
assist2009,dkt,isotonic,5,"0,1,2,3,4",0.010276,0.002266,0.823935,0.001007,0.157174,0.000502,61904
assist2009,dkt,none,5,"0,1,2,3,4",0.00916,0.002269,0.824118,0.000985,0.157058,0.000385,61904
assist2009,dkt,platt,5,"0,1,2,3,4",0.010421,0.0013,0.824118,0.000985,0.157078,0.00045,61904
assist2009,dkt,temperature,5,"0,1,2,3,4",0.008338,0.002205,0.824118,0.000985,0.157033,0.000394,61904
assist2009,sakt,isotonic,5,"0,1,2,3,4",0.010186,0.001563,0.753907,0.000947,0.185108,0.000426,61904
assist2009,sakt,none,5,"0,1,2,3,4",0.039909,0.004435,0.754112,0.000887,0.186754,0.000439,61904
assist2009,sakt,platt,5,"0,1,2,3,4",0.011471,0.001239,0.754112,0.000887,0.184998,0.000322,61904
assist2009,sakt,temperature,5,"0,1,2,3,4",0.011993,0.003578,0.754112,0.000887,0.185052,0.000322,61904
assist2009,simplekt,isotonic,5,"0,1,2,3,4",0.011298,0.002956,0.829331,0.002385,0.156731,0.001247,61904
assist2009,simplekt,none,5,"0,1,2,3,4",0.057006,0.035935,0.829541,0.002362,0.162206,0.006088,61904
assist2009,simplekt,platt,5,"0,1,2,3,4",0.011015,0.001933,0.829541,0.002362,0.156644,0.001222,61904
assist2009,simplekt,temperature,5,"0,1,2,3,4",0.016903,0.011715,0.829541,0.002362,0.157039,0.001791,61904
assist2012,akt,isotonic,5,"0,1,2,3,4",0.002162,0.000372,0.772224,0.00064,0.168255,0.000234,536087
assist2012,akt,none,5,"0,1,2,3,4",0.014175,0.00106,0.772283,0.000627,0.168462,0.000227,536087
assist2012,akt,platt,5,"0,1,2,3,4",0.001714,0.0007,0.772283,0.000627,0.16823,0.00023,536087
assist2012,akt,temperature,5,"0,1,2,3,4",0.003615,0.001143,0.772283,0.000627,0.168248,0.000219,536087
assist2012,dkt,isotonic,5,"0,1,2,3,4",0.002033,0.000196,0.729521,0.000591,0.180349,0.000145,536087
assist2012,dkt,none,5,"0,1,2,3,4",0.00553,0.003072,0.729573,0.000585,0.180366,0.00013,536087
assist2012,dkt,platt,5,"0,1,2,3,4",0.002099,0.00071,0.729573,0.000585,0.180329,0.000145,536087
assist2012,dkt,temperature,5,"0,1,2,3,4",0.003221,0.000576,0.729573,0.000585,0.180342,0.000147,536087
assist2012,sakt,isotonic,5,"0,1,2,3,4",0.002684,0.001129,0.706971,0.000558,0.186164,0.000114,536087
assist2012,sakt,none,5,"0,1,2,3,4",0.012369,0.007651,0.707046,0.000553,0.186414,0.000201,536087
assist2012,sakt,platt,5,"0,1,2,3,4",0.004602,0.000988,0.707046,0.000553,0.186161,0.000112,536087
assist2012,sakt,temperature,5,"0,1,2,3,4",0.0065,0.001106,0.707046,0.000553,0.186244,0.000137,536087
assist2012,simplekt,isotonic,5,"0,1,2,3,4",0.001852,0.000484,0.770215,0.000691,0.168728,0.000223,536087
assist2012,simplekt,none,5,"0,1,2,3,4",0.015154,0.004142,0.770273,0.000687,0.169048,0.000384,536087
assist2012,simplekt,platt,5,"0,1,2,3,4",0.003692,0.001659,0.770273,0.000687,0.168717,0.000211,536087
assist2012,simplekt,temperature,5,"0,1,2,3,4",0.013608,0.005217,0.770273,0.000687,0.169021,0.000408,536087
assist2015,akt,isotonic,5,"0,1,2,3,4",0.004162,0.000697,0.72283,0.000462,0.171141,0.000112,134592
assist2015,akt,none,5,"0,1,2,3,4",0.009247,0.000863,0.722964,0.000462,0.171185,0.000101,134592
assist2015,akt,platt,5,"0,1,2,3,4",0.003578,0.00078,0.722964,0.000462,0.171099,9.9e-05,134592
assist2015,akt,temperature,5,"0,1,2,3,4",0.004089,0.000158,0.722964,0.000462,0.171102,9.8e-05,134592
assist2015,dkt,isotonic,5,"0,1,2,3,4",0.003818,0.000972,0.726636,0.00035,0.170535,5.9e-05,134592
assist2015,dkt,none,5,"0,1,2,3,4",0.008895,0.001718,0.726813,0.000347,0.170566,6.2e-05,134592
assist2015,dkt,platt,5,"0,1,2,3,4",0.004454,0.000502,0.726813,0.000347,0.170486,5.4e-05,134592
assist2015,dkt,temperature,5,"0,1,2,3,4",0.007395,0.00325,0.726813,0.000347,0.170545,6.6e-05,134592
assist2015,sakt,isotonic,5,"0,1,2,3,4",0.005186,0.000827,0.704632,0.000296,0.174963,8.4e-05,134592
assist2015,sakt,none,5,"0,1,2,3,4",0.019957,0.003468,0.704797,0.000316,0.175379,0.000213,134592
assist2015,sakt,platt,5,"0,1,2,3,4",0.005665,0.001448,0.704797,0.000316,0.174925,0.000116,134592
assist2015,sakt,temperature,5,"0,1,2,3,4",0.007076,0.001476,0.704797,0.000316,0.174945,8.8e-05,134592
assist2015,simplekt,isotonic,5,"0,1,2,3,4",0.005187,0.000854,0.717503,0.00122,0.172375,0.000242,134592
assist2015,simplekt,none,5,"0,1,2,3,4",0.020198,0.008703,0.717655,0.001229,0.172899,0.00057,134592
assist2015,simplekt,platt,5,"0,1,2,3,4",0.005781,0.000713,0.717655,0.001229,0.172357,0.000219,134592
assist2015,simplekt,temperature,5,"0,1,2,3,4",0.012644,0.004606,0.717655,0.001229,0.172612,0.00027,134592
assist2017,akt,isotonic,5,"0,1,2,3,4",0.005015,0.00073,0.758339,0.000691,0.187983,0.000218,177767
assist2017,akt,none,5,"0,1,2,3,4",0.017438,0.002349,0.758436,0.000696,0.188394,0.000188,177767
assist2017,akt,platt,5,"0,1,2,3,4",0.005001,0.001016,0.758436,0.000696,0.187921,0.000212,177767
assist2017,akt,temperature,5,"0,1,2,3,4",0.017524,0.004066,0.758436,0.000696,0.188288,0.000204,177767
assist2017,dkt,isotonic,5,"0,1,2,3,4",0.004949,0.000916,0.715102,0.001886,0.201606,0.000487,177767
assist2017,dkt,none,5,"0,1,2,3,4",0.017068,0.005351,0.715229,0.001859,0.201941,0.000571,177767
assist2017,dkt,platt,5,"0,1,2,3,4",0.00501,0.000571,0.715229,0.001859,0.201542,0.000495,177767
assist2017,dkt,temperature,5,"0,1,2,3,4",0.018366,0.006456,0.715229,0.001859,0.201947,0.000585,177767
assist2017,sakt,isotonic,5,"0,1,2,3,4",0.004002,0.000912,0.652776,0.001056,0.215947,0.000256,177767
assist2017,sakt,none,5,"0,1,2,3,4",0.01067,0.001477,0.652962,0.000988,0.216047,0.000199,177767
assist2017,sakt,platt,5,"0,1,2,3,4",0.005135,0.000736,0.652962,0.000988,0.215902,0.000241,177767
assist2017,sakt,temperature,5,"0,1,2,3,4",0.007885,0.002168,0.652962,0.000988,0.215953,0.000197,177767
assist2017,simplekt,isotonic,5,"0,1,2,3,4",0.00409,0.001553,0.754865,0.002494,0.188795,0.000892,177767
assist2017,simplekt,none,5,"0,1,2,3,4",0.023128,0.005777,0.754952,0.002499,0.189447,0.000725,177767
assist2017,simplekt,platt,5,"0,1,2,3,4",0.007358,0.002477,0.754952,0.002499,0.188798,0.000852,177767
assist2017,simplekt,temperature,5,"0,1,2,3,4",0.017431,0.00982,0.754952,0.002499,0.189228,0.000804,177767
bridge2algebra2006,akt,isotonic,5,"0,1,2,3,4",0.00269,0.000736,0.80675,0.000706,0.107457,0.000172,353631
bridge2algebra2006,akt,none,5,"0,1,2,3,4",0.006987,0.001184,0.806862,0.000703,0.107501,0.000223,353631
bridge2algebra2006,akt,platt,5,"0,1,2,3,4",0.003003,0.000835,0.806862,0.000703,0.107438,0.000169,353631
bridge2algebra2006,akt,temperature,5,"0,1,2,3,4",0.004986,0.002361,0.806862,0.000703,0.107499,0.000237,353631
bridge2algebra2006,dkt,isotonic,5,"0,1,2,3,4",0.00335,0.000887,0.796716,0.000706,0.108492,0.000215,353631
bridge2algebra2006,dkt,none,5,"0,1,2,3,4",0.005824,0.001002,0.79681,0.000741,0.108531,0.000229,353631
bridge2algebra2006,dkt,platt,5,"0,1,2,3,4",0.003101,0.001138,0.79681,0.000741,0.108464,0.00022,353631
bridge2algebra2006,dkt,temperature,5,"0,1,2,3,4",0.005731,0.001653,0.79681,0.000741,0.108531,0.000247,353631
bridge2algebra2006,sakt,isotonic,5,"0,1,2,3,4",0.003028,0.000934,0.76097,0.000657,0.115157,9.8e-05,353631
bridge2algebra2006,sakt,none,5,"0,1,2,3,4",0.014168,0.002506,0.761116,0.000658,0.115469,0.000132,353631
bridge2algebra2006,sakt,platt,5,"0,1,2,3,4",0.003017,0.000698,0.761116,0.000658,0.115134,9.2e-05,353631
bridge2algebra2006,sakt,temperature,5,"0,1,2,3,4",0.010647,0.002188,0.761116,0.000658,0.115429,0.000121,353631
bridge2algebra2006,simplekt,isotonic,5,"0,1,2,3,4",0.003037,0.001014,0.806084,0.001467,0.106964,0.0005,353631
bridge2algebra2006,simplekt,none,5,"0,1,2,3,4",0.019177,0.009743,0.806209,0.001446,0.107572,0.000972,353631
bridge2algebra2006,simplekt,platt,5,"0,1,2,3,4",0.006224,0.00232,0.806209,0.001446,0.107018,0.000473,353631
bridge2algebra2006,simplekt,temperature,5,"0,1,2,3,4",0.012435,0.005194,0.806209,0.001446,0.107322,0.000645,353631
ednet,akt,isotonic,5,"0,1,2,3,4",0.005244,0.003045,0.923728,0.002083,0.095511,0.001173,301372
ednet,akt,none,5,"0,1,2,3,4",0.003361,0.000969,0.923766,0.002093,0.095429,0.0012,301372
ednet,akt,platt,5,"0,1,2,3,4",0.00532,0.002773,0.923766,0.002093,0.095471,0.001179,301372
ednet,akt,temperature,5,"0,1,2,3,4",0.004186,0.001013,0.923766,0.002093,0.095442,0.001193,301372
ednet,dkt,isotonic,5,"0,1,2,3,4",0.005734,0.004076,0.925266,0.000442,0.093871,0.000188,301372
ednet,dkt,none,5,"0,1,2,3,4",0.009536,0.000484,0.925319,0.000452,0.093967,0.000178,301372
ednet,dkt,platt,5,"0,1,2,3,4",0.012322,0.001609,0.925319,0.000452,0.094208,0.000212,301372
ednet,dkt,temperature,5,"0,1,2,3,4",0.010676,0.000868,0.925319,0.000452,0.094027,0.000215,301372
ednet,sakt,isotonic,5,"0,1,2,3,4",0.004829,0.004163,0.918159,0.000533,0.098681,0.000354,301372
ednet,sakt,none,5,"0,1,2,3,4",0.019844,0.006535,0.918221,0.000541,0.099847,0.00084,301372
ednet,sakt,platt,5,"0,1,2,3,4",0.0086,0.003817,0.918221,0.000541,0.098822,0.000367,301372
ednet,sakt,temperature,5,"0,1,2,3,4",0.01251,0.007077,0.918221,0.000541,0.099137,0.000494,301372
ednet,simplekt,isotonic,5,"0,1,2,3,4",0.005341,0.003364,0.940687,0.000276,0.086862,8.1e-05,301372
ednet,simplekt,none,5,"0,1,2,3,4",0.01945,0.003225,0.940731,0.000273,0.087939,0.00053,301372
ednet,simplekt,platt,5,"0,1,2,3,4",0.01076,0.004947,0.940731,0.000273,0.087137,0.000228,301372
ednet,simplekt,temperature,5,"0,1,2,3,4",0.015144,0.004234,0.940731,0.000273,0.087413,0.000557,301372
