dataset,model,method,n_folds,folds,ece_mean,ece_std,auc_mean,auc_std,brier_mean,brier_std,n_test
algebra2005,akt,isotonic,5,"0,1,2,3,4",0.0674,0.0015,0.7609,0.0011,0.1634,0.0008,92945
algebra2005,akt,none,5,"0,1,2,3,4",0.0315,0.0029,0.7611,0.0011,0.1544,0.0004,92945
algebra2005,akt,platt,5,"0,1,2,3,4",0.0667,0.0023,0.7611,0.0011,0.1614,0.0008,92945
algebra2005,akt,temperature,5,"0,1,2,3,4",0.0616,0.0012,0.7611,0.0011,0.1575,0.0002,92945
algebra2005,dkt,isotonic,5,"0,1,2,3,4",0.0433,0.0027,0.8089,0.0014,0.1424,0.0004,92945
algebra2005,dkt,none,5,"0,1,2,3,4",0.0111,0.0018,0.809,0.0014,0.1372,0.0004,92945
algebra2005,dkt,platt,5,"0,1,2,3,4",0.0452,0.001,0.809,0.0014,0.1409,0.0006,92945
algebra2005,dkt,temperature,5,"0,1,2,3,4",0.0327,0.0016,0.809,0.0014,0.1384,0.0004,92945
algebra2005,sakt,isotonic,5,"0,1,2,3,4",0.0644,0.0034,0.7845,0.0011,0.155,0.0008,92945
algebra2005,sakt,none,5,"0,1,2,3,4",0.0546,0.0033,0.7846,0.0012,0.1488,0.0007,92945
algebra2005,sakt,platt,5,"0,1,2,3,4",0.0566,0.0024,0.7846,0.0012,0.1513,0.0009,92945
algebra2005,sakt,temperature,5,"0,1,2,3,4",0.0497,0.0027,0.7846,0.0012,0.1482,0.001,92945
algebra2005,simplekt,isotonic,5,"0,1,2,3,4",0.0709,0.0039,0.8142,0.0017,0.1474,0.0021,92945
algebra2005,simplekt,none,5,"0,1,2,3,4",0.0556,0.0105,0.8144,0.0015,0.1418,0.0005,92945
algebra2005,simplekt,platt,5,"0,1,2,3,4",0.059,0.0037,0.8144,0.0015,0.1433,0.002,92945
algebra2005,simplekt,temperature,5,"0,1,2,3,4",0.0556,0.0047,0.8144,0.0015,0.1417,0.0023,92945
assist2009,akt,isotonic,5,"0,1,2,3,4",0.0333,0.0024,0.7335,0.0004,0.1938,0.0003,52254
assist2009,akt,none,5,"0,1,2,3,4",0.0193,0.0007,0.7338,0.0004,0.1929,0.0001,52254
assist2009,akt,platt,5,"0,1,2,3,4",0.0303,0.0032,0.7338,0.0004,0.1936,0.0003,52254
assist2009,akt,temperature,5,"0,1,2,3,4",0.0297,0.0037,0.7338,0.0004,0.1935,0.0003,52254
assist2009,dkt,isotonic,5,"0,1,2,3,4",0.0385,0.0034,0.7504,0.0011,0.189,0.0006,52254
assist2009,dkt,none,5,"0,1,2,3,4",0.0127,0.0046,0.7506,0.0011,0.1872,0.0005,52254
assist2009,dkt,platt,5,"0,1,2,3,4",0.0342,0.0033,0.7506,0.0011,0.1884,0.0005,52254
assist2009,dkt,temperature,5,"0,1,2,3,4",0.0324,0.0029,0.7506,0.0011,0.1883,0.0006,52254
assist2009,sakt,isotonic,5,"0,1,2,3,4",0.0171,0.0031,0.7289,0.0012,0.1937,0.0006,52254
assist2009,sakt,none,5,"0,1,2,3,4",0.0432,0.0039,0.7293,0.0014,0.1953,0.0003,52254
assist2009,sakt,platt,5,"0,1,2,3,4",0.0146,0.0017,0.7293,0.0014,0.1934,0.0005,52254
assist2009,sakt,temperature,5,"0,1,2,3,4",0.0155,0.002,0.7293,0.0014,0.1934,0.0005,52254
assist2009,simplekt,isotonic,5,"0,1,2,3,4",0.0497,0.0048,0.7631,0.0036,0.1876,0.002,52254
assist2009,simplekt,none,5,"0,1,2,3,4",0.0802,0.0411,0.7634,0.0035,0.1935,0.0077,52254
assist2009,simplekt,platt,5,"0,1,2,3,4",0.0326,0.0078,0.7634,0.0035,0.1857,0.0019,52254
assist2009,simplekt,temperature,5,"0,1,2,3,4",0.0387,0.0086,0.7634,0.0035,0.1863,0.0023,52254
assist2012,akt,isotonic,5,"0,1,2,3,4",0.0022,0.0005,0.7333,0.0002,0.1801,0.0001,536087
assist2012,akt,none,5,"0,1,2,3,4",0.006,0.0017,0.7334,0.0002,0.1801,0.0001,536087
assist2012,akt,platt,5,"0,1,2,3,4",0.0036,0.0005,0.7334,0.0002,0.1801,0.0001,536087
assist2012,akt,temperature,5,"0,1,2,3,4",0.006,0.0015,0.7334,0.0002,0.1801,0.0001,536087
assist2012,dkt,isotonic,5,"0,1,2,3,4",0.002,0.0005,0.7297,0.0008,0.1803,0.0002,536087
assist2012,dkt,none,5,"0,1,2,3,4",0.0097,0.0045,0.7298,0.0008,0.1804,0.0001,536087
assist2012,dkt,platt,5,"0,1,2,3,4",0.0023,0.0005,0.7298,0.0008,0.1803,0.0002,536087
assist2012,dkt,temperature,5,"0,1,2,3,4",0.0049,0.0015,0.7298,0.0008,0.1803,0.0002,536087
assist2012,sakt,isotonic,5,"0,1,2,3,4",0.0027,0.0011,0.707,0.0006,0.1862,0.0001,536087
assist2012,sakt,none,5,"0,1,2,3,4",0.0124,0.0076,0.7071,0.0006,0.1864,0.0002,536087
assist2012,sakt,platt,5,"0,1,2,3,4",0.0046,0.001,0.7071,0.0006,0.1861,0.0001,536087
assist2012,sakt,temperature,5,"0,1,2,3,4",0.0065,0.0011,0.7071,0.0006,0.1862,0.0001,536087
assist2012,simplekt,isotonic,5,"0,1,2,3,4",0.0019,0.0005,0.7702,0.0007,0.1687,0.0002,536087
assist2012,simplekt,none,5,"0,1,2,3,4",0.0152,0.0041,0.7703,0.0007,0.169,0.0004,536087
assist2012,simplekt,platt,5,"0,1,2,3,4",0.0037,0.0016,0.7703,0.0007,0.1687,0.0002,536087
assist2012,simplekt,temperature,5,"0,1,2,3,4",0.0136,0.0052,0.7703,0.0007,0.169,0.0004,536087
assist2015,akt,isotonic,5,"0,1,2,3,4",0.0047,0.0011,0.7186,0.0003,0.1722,0.0001,134592
assist2015,akt,none,5,"0,1,2,3,4",0.0089,0.0008,0.7187,0.0004,0.1722,0.0001,134592
assist2015,akt,platt,5,"0,1,2,3,4",0.0037,0.0015,0.7187,0.0004,0.1721,0.0001,134592
assist2015,akt,temperature,5,"0,1,2,3,4",0.0046,0.0003,0.7187,0.0004,0.1721,0.0001,134592
assist2015,dkt,isotonic,5,"0,1,2,3,4",0.0065,0.0061,0.7265,0.0003,0.1706,0.0002,134592
assist2015,dkt,none,5,"0,1,2,3,4",0.0092,0.0026,0.7266,0.0004,0.1706,0.0001,134592
assist2015,dkt,platt,5,"0,1,2,3,4",0.007,0.0058,0.7266,0.0004,0.1706,0.0001,134592
assist2015,dkt,temperature,5,"0,1,2,3,4",0.0078,0.0051,0.7266,0.0004,0.1706,0.0001,134592
assist2015,sakt,isotonic,5,"0,1,2,3,4",0.0061,0.0009,0.7043,0.0005,0.175,0.0001,134592
assist2015,sakt,none,5,"0,1,2,3,4",0.0212,0.0038,0.7045,0.0006,0.1755,0.0002,134592
assist2015,sakt,platt,5,"0,1,2,3,4",0.0062,0.0016,0.7045,0.0006,0.175,0.0001,134592
assist2015,sakt,temperature,5,"0,1,2,3,4",0.0064,0.0008,0.7045,0.0006,0.175,0.0001,134592
assist2015,simplekt,isotonic,5,"0,1,2,3,4",0.0052,0.0008,0.7175,0.0012,0.1724,0.0002,134592
assist2015,simplekt,none,5,"0,1,2,3,4",0.0202,0.0087,0.7177,0.0013,0.1729,0.0006,134592
assist2015,simplekt,platt,5,"0,1,2,3,4",0.0058,0.0007,0.7177,0.0013,0.1724,0.0002,134592
assist2015,simplekt,temperature,5,"0,1,2,3,4",0.0126,0.0046,0.7177,0.0013,0.1726,0.0003,134592
assist2017,akt,isotonic,5,"0,1,2,3,4",0.0055,0.0008,0.6682,0.0006,0.2125,0.0001,177767
assist2017,akt,none,5,"0,1,2,3,4",0.0101,0.0013,0.6683,0.0005,0.2126,0.0001,177767
assist2017,akt,platt,5,"0,1,2,3,4",0.0098,0.0006,0.6683,0.0005,0.2126,0.0001,177767
assist2017,akt,temperature,5,"0,1,2,3,4",0.0096,0.0013,0.6683,0.0005,0.2126,0.0001,177767
assist2017,dkt,isotonic,5,"0,1,2,3,4",0.0047,0.0014,0.715,0.0013,0.2016,0.0004,177767
assist2017,dkt,none,5,"0,1,2,3,4",0.0137,0.0046,0.7152,0.0014,0.2018,0.0005,177767
assist2017,dkt,platt,5,"0,1,2,3,4",0.0048,0.001,0.7152,0.0014,0.2016,0.0004,177767
assist2017,dkt,temperature,5,"0,1,2,3,4",0.015,0.0048,0.7152,0.0014,0.2018,0.0005,177767
assist2017,sakt,isotonic,5,"0,1,2,3,4",0.004,0.0007,0.6529,0.001,0.216,0.0003,177767
assist2017,sakt,none,5,"0,1,2,3,4",0.0106,0.0025,0.653,0.001,0.2161,0.0002,177767
assist2017,sakt,platt,5,"0,1,2,3,4",0.0054,0.0012,0.653,0.001,0.2159,0.0003,177767
assist2017,sakt,temperature,5,"0,1,2,3,4",0.0078,0.0029,0.653,0.001,0.216,0.0002,177767
assist2017,simplekt,isotonic,5,"0,1,2,3,4",0.0041,0.0016,0.7549,0.0025,0.1888,0.0009,177767
assist2017,simplekt,none,5,"0,1,2,3,4",0.0231,0.0058,0.755,0.0025,0.1895,0.0007,177767
assist2017,simplekt,platt,5,"0,1,2,3,4",0.0074,0.0025,0.755,0.0025,0.1888,0.0008,177767
assist2017,simplekt,temperature,5,"0,1,2,3,4",0.0174,0.0098,0.755,0.0025,0.1892,0.0008,177767
bridge2algebra2006,akt,isotonic,5,"0,1,2,3,4",0.003,0.0009,0.7693,0.0005,0.1148,0.0001,352370
bridge2algebra2006,akt,none,5,"0,1,2,3,4",0.0022,0.0003,0.7694,0.0005,0.1148,0.0001,352370
bridge2algebra2006,akt,platt,5,"0,1,2,3,4",0.0033,0.0008,0.7694,0.0005,0.1148,0.0001,352370
bridge2algebra2006,akt,temperature,5,"0,1,2,3,4",0.0028,0.0009,0.7694,0.0005,0.1148,0.0001,352370
bridge2algebra2006,dkt,isotonic,5,"0,1,2,3,4",0.0031,0.0008,0.7954,0.0011,0.1088,0.0003,352370
bridge2algebra2006,dkt,none,5,"0,1,2,3,4",0.0043,0.0008,0.7955,0.0012,0.1088,0.0003,352370
bridge2algebra2006,dkt,platt,5,"0,1,2,3,4",0.0032,0.0008,0.7955,0.0012,0.1088,0.0003,352370
bridge2algebra2006,dkt,temperature,5,"0,1,2,3,4",0.0049,0.002,0.7955,0.0012,0.1088,0.0003,352370
bridge2algebra2006,sakt,isotonic,5,"0,1,2,3,4",0.0029,0.0007,0.7607,0.0009,0.1152,0.0002,352370
bridge2algebra2006,sakt,none,5,"0,1,2,3,4",0.013,0.0028,0.7608,0.0009,0.1154,0.0001,352370
bridge2algebra2006,sakt,platt,5,"0,1,2,3,4",0.0029,0.0006,0.7608,0.0009,0.1152,0.0002,352370
bridge2algebra2006,sakt,temperature,5,"0,1,2,3,4",0.0098,0.0024,0.7608,0.0009,0.1154,0.0001,352370
bridge2algebra2006,simplekt,isotonic,5,"0,1,2,3,4",0.0031,0.0011,0.8059,0.0015,0.107,0.0005,352370
bridge2algebra2006,simplekt,none,5,"0,1,2,3,4",0.0192,0.0097,0.806,0.0015,0.1076,0.001,352370
bridge2algebra2006,simplekt,platt,5,"0,1,2,3,4",0.0062,0.0023,0.806,0.0015,0.107,0.0005,352370
bridge2algebra2006,simplekt,temperature,5,"0,1,2,3,4",0.0125,0.0052,0.806,0.0015,0.1074,0.0007,352370
ednet,akt,isotonic,5,"0,1,2,3,4",0.1584,0.0026,0.6008,0.0003,0.2656,0.0022,132209
ednet,akt,none,5,"0,1,2,3,4",0.0911,0.0011,0.601,0.0003,0.2349,0.0006,132209
ednet,akt,platt,5,"0,1,2,3,4",0.1747,0.0025,0.601,0.0003,0.2676,0.0018,132209
ednet,akt,temperature,5,"0,1,2,3,4",0.1655,0.0016,0.601,0.0003,0.2579,0.0012,132209
ednet,dkt,isotonic,5,"0,1,2,3,4",0.1268,0.0078,0.6061,0.0021,0.2499,0.0047,132209
ednet,dkt,none,5,"0,1,2,3,4",0.0893,0.0018,0.6062,0.0021,0.2307,0.0012,132209
ednet,dkt,platt,5,"0,1,2,3,4",0.1691,0.0045,0.6062,0.0021,0.2585,0.0032,132209
ednet,dkt,temperature,5,"0,1,2,3,4",0.1579,0.004,0.6062,0.0021,0.2511,0.0031,132209
ednet,sakt,isotonic,5,"0,1,2,3,4",0.139,0.0063,0.6049,0.0017,0.255,0.0023,132209
ednet,sakt,none,5,"0,1,2,3,4",0.1204,0.011,0.6055,0.0017,0.24,0.0035,132209
ednet,sakt,platt,5,"0,1,2,3,4",0.1666,0.0039,0.6055,0.0017,0.2581,0.0018,132209
ednet,sakt,temperature,5,"0,1,2,3,4",0.1606,0.0059,0.6055,0.0017,0.2534,0.003,132209
ednet,simplekt,isotonic,5,"0,1,2,3,4",0.1612,0.0034,0.6557,0.0021,0.2527,0.0024,132209
ednet,simplekt,none,5,"0,1,2,3,4",0.1427,0.0065,0.6573,0.0022,0.2368,0.0024,132209
ednet,simplekt,platt,5,"0,1,2,3,4",0.1753,0.0058,0.6573,0.0022,0.2502,0.0032,132209
ednet,simplekt,temperature,5,"0,1,2,3,4",0.171,0.0091,0.6573,0.0022,0.2481,0.0052,132209
