dataset,model,fold,method,ece,auc,brier,n_test
algebra2005,akt,0,none,0.003935,0.915822,0.09764,134674
algebra2005,akt,0,platt,0.007302,0.915822,0.097739,134674
algebra2005,akt,0,isotonic,0.007146,0.915772,0.097732,134674
algebra2005,akt,0,temperature,0.004798,0.915822,0.097667,134674
algebra2005,akt,1,none,0.004156,0.916193,0.097261,134674
algebra2005,akt,1,platt,0.008062,0.916193,0.097386,134674
algebra2005,akt,1,isotonic,0.007086,0.916162,0.097394,134674
algebra2005,akt,1,temperature,0.00471,0.916193,0.097282,134674
algebra2005,akt,2,none,0.007056,0.915294,0.098049,134674
algebra2005,akt,2,platt,0.005327,0.915294,0.097986,134674
algebra2005,akt,2,isotonic,0.004412,0.915259,0.097982,134674
algebra2005,akt,2,temperature,0.005904,0.915294,0.098042,134674
algebra2005,akt,3,none,0.013501,0.916966,0.097248,134674
algebra2005,akt,3,platt,0.003731,0.916966,0.097,134674
algebra2005,akt,3,isotonic,0.002285,0.9169,0.097028,134674
algebra2005,akt,3,temperature,0.005345,0.916966,0.097097,134674
algebra2005,akt,4,none,0.005157,0.918018,0.096447,134674
algebra2005,akt,4,platt,0.004166,0.918018,0.096447,134674
algebra2005,akt,4,isotonic,0.002835,0.917938,0.096468,134674
algebra2005,akt,4,temperature,0.003693,0.918018,0.096436,134674
algebra2005,dkt,0,none,0.009365,0.919669,0.094114,134674
algebra2005,dkt,0,platt,0.007282,0.919669,0.093941,134674
algebra2005,dkt,0,isotonic,0.006375,0.919623,0.093939,134674
algebra2005,dkt,0,temperature,0.010541,0.919669,0.094108,134674
algebra2005,dkt,1,none,0.005859,0.919094,0.094264,134674
algebra2005,dkt,1,platt,0.007556,0.919094,0.094394,134674
algebra2005,dkt,1,isotonic,0.005798,0.91909,0.094312,134674
algebra2005,dkt,1,temperature,0.003976,0.919094,0.094238,134674
algebra2005,dkt,2,none,0.003853,0.919209,0.094007,134674
algebra2005,dkt,2,platt,0.005833,0.919209,0.094052,134674
algebra2005,dkt,2,isotonic,0.003559,0.919151,0.094035,134674
algebra2005,dkt,2,temperature,0.003193,0.919209,0.094001,134674
algebra2005,dkt,3,none,0.003162,0.91959,0.093846,134674
algebra2005,dkt,3,platt,0.003359,0.91959,0.093844,134674
algebra2005,dkt,3,isotonic,0.002485,0.919465,0.093901,134674
algebra2005,dkt,3,temperature,0.003416,0.91959,0.093849,134674
algebra2005,dkt,4,none,0.005846,0.920485,0.093475,134674
algebra2005,dkt,4,platt,0.002799,0.920485,0.093431,134674
algebra2005,dkt,4,isotonic,0.001642,0.920377,0.093526,134674
algebra2005,dkt,4,temperature,0.003475,0.920485,0.093445,134674
algebra2005,sakt,0,none,0.02957,0.905153,0.103028,134674
algebra2005,sakt,0,platt,0.007138,0.905153,0.101736,134674
algebra2005,sakt,0,isotonic,0.006892,0.905101,0.101736,134674
algebra2005,sakt,0,temperature,0.004737,0.905153,0.101687,134674
algebra2005,sakt,1,none,0.028,0.905827,0.102397,134674
algebra2005,sakt,1,platt,0.007524,0.905827,0.101276,134674
algebra2005,sakt,1,isotonic,0.006739,0.905753,0.101323,134674
algebra2005,sakt,1,temperature,0.003605,0.905827,0.101178,134674
algebra2005,sakt,2,none,0.025601,0.906001,0.101955,134674
algebra2005,sakt,2,platt,0.004365,0.906001,0.100996,134674
algebra2005,sakt,2,isotonic,0.00443,0.905952,0.101055,134674
algebra2005,sakt,2,temperature,0.004286,0.906001,0.100995,134674
algebra2005,sakt,3,none,0.021731,0.906025,0.102169,134674
algebra2005,sakt,3,platt,0.002767,0.906025,0.101259,134674
algebra2005,sakt,3,isotonic,0.00415,0.905905,0.101315,134674
algebra2005,sakt,3,temperature,0.012099,0.906025,0.101612,134674
algebra2005,sakt,4,none,0.022702,0.907201,0.101121,134674
algebra2005,sakt,4,platt,0.003614,0.907201,0.100318,134674
algebra2005,sakt,4,isotonic,0.002413,0.907139,0.10035,134674
algebra2005,sakt,4,temperature,0.007915,0.907201,0.100424,134674
algebra2005,simplekt,0,none,0.023716,0.92167,0.09472,134674
algebra2005,simplekt,0,platt,0.011124,0.92167,0.093903,134674
algebra2005,simplekt,0,isotonic,0.006008,0.92164,0.093677,134674
algebra2005,simplekt,0,temperature,0.020403,0.92167,0.094676,134674
algebra2005,simplekt,1,none,0.013873,0.919922,0.095062,134674
algebra2005,simplekt,1,platt,0.007912,0.919922,0.094915,134674
algebra2005,simplekt,1,isotonic,0.007787,0.919856,0.094948,134674
algebra2005,simplekt,1,temperature,0.003961,0.919922,0.094818,134674
algebra2005,simplekt,2,none,0.029991,0.922659,0.094508,134674
algebra2005,simplekt,2,platt,0.008789,0.922659,0.093176,134674
algebra2005,simplekt,2,isotonic,0.00415,0.92258,0.093093,134674
algebra2005,simplekt,2,temperature,0.007332,0.922659,0.093271,134674
algebra2005,simplekt,3,none,0.029261,0.923337,0.09361,134674
algebra2005,simplekt,3,platt,0.005301,0.923337,0.0923,134674
algebra2005,simplekt,3,isotonic,0.003212,0.923271,0.09225,134674
algebra2005,simplekt,3,temperature,0.005243,0.923337,0.09231,134674
algebra2005,simplekt,4,none,0.017775,0.920613,0.09498,134674
algebra2005,simplekt,4,platt,0.005659,0.920613,0.094357,134674
algebra2005,simplekt,4,isotonic,0.004129,0.92054,0.094319,134674
algebra2005,simplekt,4,temperature,0.016832,0.920613,0.094954,134674
assist2009,akt,0,none,0.010145,0.831487,0.154699,61904
assist2009,akt,0,platt,0.008486,0.831487,0.154677,61904
assist2009,akt,0,isotonic,0.007888,0.831352,0.154726,61904
assist2009,akt,0,temperature,0.004982,0.831487,0.154598,61904
assist2009,akt,1,none,0.006169,0.829269,0.155453,61904
assist2009,akt,1,platt,0.010829,0.829269,0.155574,61904
assist2009,akt,1,isotonic,0.01001,0.828949,0.155705,61904
assist2009,akt,1,temperature,0.003514,0.829269,0.155411,61904
assist2009,akt,2,none,0.007428,0.831226,0.154665,61904
assist2009,akt,2,platt,0.011182,0.831226,0.154748,61904
assist2009,akt,2,isotonic,0.011037,0.831034,0.154811,61904
assist2009,akt,2,temperature,0.006411,0.831226,0.154646,61904
assist2009,akt,3,none,0.00712,0.829384,0.155426,61904
assist2009,akt,3,platt,0.011303,0.829384,0.155541,61904
assist2009,akt,3,isotonic,0.011483,0.829179,0.155589,61904
assist2009,akt,3,temperature,0.005098,0.829384,0.155394,61904
assist2009,akt,4,none,0.019155,0.829867,0.155541,61904
assist2009,akt,4,platt,0.005951,0.829867,0.155161,61904
assist2009,akt,4,isotonic,0.006171,0.82943,0.155321,61904
assist2009,akt,4,temperature,0.011931,0.829867,0.155362,61904
assist2009,dkt,0,none,0.007414,0.823793,0.157217,61904
assist2009,dkt,0,platt,0.01,0.823793,0.15727,61904
assist2009,dkt,0,isotonic,0.009418,0.823489,0.157426,61904
assist2009,dkt,0,temperature,0.00812,0.823793,0.157229,61904
assist2009,dkt,1,none,0.008645,0.822536,0.157667,61904
assist2009,dkt,1,platt,0.012108,0.822536,0.157775,61904
assist2009,dkt,1,isotonic,0.012393,0.822372,0.157933,61904
assist2009,dkt,1,temperature,0.006423,0.822536,0.157628,61904
assist2009,dkt,2,none,0.010021,0.824616,0.15681,61904
assist2009,dkt,2,platt,0.010718,0.824616,0.156826,61904
assist2009,dkt,2,isotonic,0.011096,0.824399,0.156881,61904
assist2009,dkt,2,temperature,0.011998,0.824616,0.156856,61904
assist2009,dkt,3,none,0.007072,0.824694,0.156807,61904
assist2009,dkt,3,platt,0.010743,0.824694,0.156871,61904
assist2009,dkt,3,isotonic,0.011736,0.824653,0.156925,61904
assist2009,dkt,3,temperature,0.006809,0.824694,0.156798,61904
assist2009,dkt,4,none,0.012649,0.824952,0.156787,61904
assist2009,dkt,4,platt,0.008539,0.824952,0.156651,61904
assist2009,dkt,4,isotonic,0.006739,0.824761,0.156704,61904
assist2009,dkt,4,temperature,0.00834,0.824952,0.156655,61904
assist2009,sakt,0,none,0.040159,0.75411,0.186636,61904
assist2009,sakt,0,platt,0.012814,0.75411,0.184825,61904
assist2009,sakt,0,isotonic,0.010047,0.754018,0.184816,61904
assist2009,sakt,0,temperature,0.011278,0.75411,0.184912,61904
assist2009,sakt,1,none,0.0425,0.754642,0.186986,61904
assist2009,sakt,1,platt,0.011425,0.754642,0.184953,61904
assist2009,sakt,1,isotonic,0.009273,0.75439,0.18498,61904
assist2009,sakt,1,temperature,0.012641,0.754642,0.184987,61904
assist2009,sakt,2,none,0.038252,0.755196,0.18617,61904
assist2009,sakt,2,platt,0.012088,0.755196,0.184609,61904
assist2009,sakt,2,isotonic,0.012917,0.754977,0.184742,61904
assist2009,sakt,2,temperature,0.01253,0.755196,0.184622,61904
assist2009,sakt,3,none,0.045168,0.753749,0.187343,61904
assist2009,sakt,3,platt,0.011542,0.753749,0.185149,61904
assist2009,sakt,3,isotonic,0.009498,0.753713,0.1852,61904
assist2009,sakt,3,temperature,0.016753,0.753749,0.185338,61904
assist2009,sakt,4,none,0.033468,0.752862,0.186636,61904
assist2009,sakt,4,platt,0.009484,0.752862,0.185456,61904
assist2009,sakt,4,isotonic,0.009194,0.752439,0.185803,61904
assist2009,sakt,4,temperature,0.006764,0.752862,0.185404,61904
assist2009,simplekt,0,none,0.055355,0.827817,0.16141,61904
assist2009,simplekt,0,platt,0.00921,0.827817,0.157573,61904
assist2009,simplekt,0,isotonic,0.008911,0.827641,0.157667,61904
assist2009,simplekt,0,temperature,0.00942,0.827817,0.157606,61904
assist2009,simplekt,1,none,0.098068,0.826872,0.171143,61904
assist2009,simplekt,1,platt,0.012709,0.826872,0.157922,61904
assist2009,simplekt,1,isotonic,0.014142,0.826645,0.158051,61904
assist2009,simplekt,1,temperature,0.037709,0.826872,0.159764,61904
assist2009,simplekt,2,none,0.01186,0.829041,0.156935,61904
assist2009,simplekt,2,platt,0.012785,0.829041,0.157018,61904
assist2009,simplekt,2,isotonic,0.013109,0.828742,0.157103,61904
assist2009,simplekt,2,temperature,0.011758,0.829041,0.156931,61904
assist2009,simplekt,3,none,0.033211,0.832064,0.156539,61904
assist2009,simplekt,3,platt,0.01165,0.832064,0.1554,61904
assist2009,simplekt,3,isotonic,0.01293,0.83191,0.155487,61904
assist2009,simplekt,3,temperature,0.013157,0.832064,0.155451,61904
assist2009,simplekt,4,none,0.086539,0.83191,0.165005,61904
assist2009,simplekt,4,platt,0.008719,0.83191,0.155308,61904
assist2009,simplekt,4,isotonic,0.007398,0.831715,0.155346,61904
assist2009,simplekt,4,temperature,0.012471,0.83191,0.155444,61904
assist2012,akt,0,none,0.014982,0.772909,0.168261,536087
assist2012,akt,0,platt,0.001526,0.772909,0.168007,536087
assist2012,akt,0,isotonic,0.001851,0.772845,0.168025,536087
assist2012,akt,0,temperature,0.004809,0.772909,0.168034,536087
assist2012,akt,1,none,0.014894,0.772772,0.168316,536087
assist2012,akt,1,platt,0.001997,0.772772,0.168056,536087
assist2012,akt,1,isotonic,0.002768,0.772734,0.168087,536087
assist2012,akt,1,temperature,0.00418,0.772772,0.168079,536087
assist2012,akt,2,none,0.014595,0.771734,0.168718,536087
assist2012,akt,2,platt,0.002429,0.771734,0.168477,536087
assist2012,akt,2,isotonic,0.002125,0.771671,0.168511,536087
assist2012,akt,2,temperature,0.002611,0.771734,0.168489,536087
assist2012,akt,3,none,0.013994,0.771509,0.168699,536087
assist2012,akt,3,platt,0.002019,0.771509,0.168476,536087
assist2012,akt,3,isotonic,0.002197,0.771424,0.168504,536087
assist2012,akt,3,temperature,0.002191,0.771509,0.168477,536087
assist2012,akt,4,none,0.012409,0.772492,0.168315,536087
assist2012,akt,4,platt,0.000599,0.772492,0.168133,536087
assist2012,akt,4,isotonic,0.001867,0.772445,0.168149,536087
assist2012,akt,4,temperature,0.004284,0.772492,0.168161,536087
assist2012,dkt,0,none,0.007334,0.729251,0.180473,536087
assist2012,dkt,0,platt,0.001475,0.729251,0.180418,536087
assist2012,dkt,0,isotonic,0.001817,0.729202,0.180439,536087
assist2012,dkt,0,temperature,0.003901,0.729251,0.18045,536087
assist2012,dkt,1,none,0.004063,0.729305,0.180412,536087
assist2012,dkt,1,platt,0.002371,0.729305,0.180399,536087
assist2012,dkt,1,isotonic,0.002339,0.729241,0.180421,536087
assist2012,dkt,1,temperature,0.003366,0.729305,0.18041,536087
assist2012,dkt,2,none,0.003411,0.728927,0.180486,536087
assist2012,dkt,2,platt,0.002604,0.728927,0.18048,536087
assist2012,dkt,2,isotonic,0.002054,0.728874,0.180495,536087
assist2012,dkt,2,temperature,0.00281,0.728927,0.180483,536087
assist2012,dkt,3,none,0.002799,0.730108,0.180193,536087
assist2012,dkt,3,platt,0.002824,0.730108,0.180191,536087
assist2012,dkt,3,isotonic,0.001921,0.730047,0.180218,536087
assist2012,dkt,3,temperature,0.002472,0.730108,0.180192,536087
assist2012,dkt,4,none,0.010045,0.730273,0.180266,536087
assist2012,dkt,4,platt,0.00122,0.730273,0.180158,536087
assist2012,dkt,4,isotonic,0.002034,0.730243,0.180169,536087
assist2012,dkt,4,temperature,0.003556,0.730273,0.180177,536087
assist2012,sakt,0,none,0.007014,0.707337,0.18621,536087
assist2012,sakt,0,platt,0.003321,0.707337,0.186078,536087
assist2012,sakt,0,isotonic,0.001468,0.707286,0.186087,536087
assist2012,sakt,0,temperature,0.007857,0.707337,0.186206,536087
assist2012,sakt,1,none,0.012013,0.706858,0.186329,536087
assist2012,sakt,1,platt,0.004432,0.706858,0.186141,536087
assist2012,sakt,1,isotonic,0.003151,0.706737,0.186158,536087
assist2012,sakt,1,temperature,0.005228,0.706858,0.186228,536087
assist2012,sakt,2,none,0.009302,0.706678,0.186358,536087
assist2012,sakt,2,platt,0.005457,0.706678,0.186234,536087
assist2012,sakt,2,isotonic,0.003692,0.706594,0.186234,536087
assist2012,sakt,2,temperature,0.006614,0.706678,0.186323,536087
assist2012,sakt,3,none,0.007887,0.706494,0.186429,536087
assist2012,sakt,3,platt,0.005715,0.706494,0.186311,536087
assist2012,sakt,3,isotonic,0.003639,0.706445,0.186313,536087
assist2012,sakt,3,temperature,0.007238,0.706494,0.186416,536087
assist2012,sakt,4,none,0.025629,0.70786,0.186744,536087
assist2012,sakt,4,platt,0.004084,0.70786,0.186038,536087
assist2012,sakt,4,isotonic,0.00147,0.707792,0.186026,536087
assist2012,sakt,4,temperature,0.005563,0.70786,0.186049,536087
assist2012,simplekt,0,none,0.017429,0.769188,0.169463,536087
assist2012,simplekt,0,platt,0.002963,0.769188,0.169019,536087
assist2012,simplekt,0,isotonic,0.001754,0.769125,0.169034,536087
assist2012,simplekt,0,temperature,0.017177,0.769188,0.169458,536087
assist2012,simplekt,1,none,0.019065,0.770273,0.169345,536087
assist2012,simplekt,1,platt,0.001578,0.770273,0.168777,536087
assist2012,simplekt,1,isotonic,0.001518,0.770208,0.168792,536087
assist2012,simplekt,1,temperature,0.018955,0.770273,0.169345,536087
assist2012,simplekt,2,none,0.00825,0.771,0.168528,536087
assist2012,simplekt,2,platt,0.005338,0.771,0.168479,536087
assist2012,simplekt,2,isotonic,0.001991,0.770953,0.168467,536087
assist2012,simplekt,2,temperature,0.005919,0.771,0.168506,536087
assist2012,simplekt,3,none,0.015162,0.770207,0.169089,536087
assist2012,simplekt,3,platt,0.003154,0.770207,0.168754,536087
assist2012,simplekt,3,isotonic,0.002611,0.770158,0.168791,536087
assist2012,simplekt,3,temperature,0.014955,0.770207,0.16909,536087
assist2012,simplekt,4,none,0.015864,0.770697,0.168812,536087
assist2012,simplekt,4,platt,0.005426,0.770697,0.168558,536087
assist2012,simplekt,4,isotonic,0.001385,0.77063,0.168557,536087
assist2012,simplekt,4,temperature,0.011036,0.770697,0.168706,536087
assist2015,akt,0,none,0.010453,0.723401,0.17111,134592
assist2015,akt,0,platt,0.003831,0.723401,0.170992,134592
assist2015,akt,0,isotonic,0.003576,0.723295,0.170992,134592
assist2015,akt,0,temperature,0.003986,0.723401,0.171006,134592
assist2015,akt,1,none,0.009313,0.722624,0.171256,134592
assist2015,akt,1,platt,0.00377,0.722624,0.171162,134592
assist2015,akt,1,isotonic,0.004962,0.722508,0.171205,134592
assist2015,akt,1,temperature,0.003893,0.722624,0.17117,134592
assist2015,akt,2,none,0.008016,0.723284,0.171094,134592
assist2015,akt,2,platt,0.003056,0.723284,0.171008,134592
assist2015,akt,2,isotonic,0.004087,0.723101,0.171104,134592
assist2015,akt,2,temperature,0.00421,0.723284,0.171024,134592
assist2015,akt,3,none,0.009176,0.722332,0.171325,134592
assist2015,akt,3,platt,0.002601,0.722332,0.171222,134592
assist2015,akt,3,isotonic,0.003406,0.722189,0.17129,134592
assist2015,akt,3,temperature,0.004075,0.722332,0.171237,134592
assist2015,akt,4,none,0.009276,0.723179,0.171141,134592
assist2015,akt,4,platt,0.00463,0.723179,0.171113,134592
assist2015,akt,4,isotonic,0.004779,0.723055,0.171114,134592
assist2015,akt,4,temperature,0.004278,0.723179,0.171072,134592
assist2015,dkt,0,none,0.01017,0.726964,0.170568,134592
assist2015,dkt,0,platt,0.004076,0.726964,0.170453,134592
assist2015,dkt,0,isotonic,0.003941,0.726721,0.170485,134592
assist2015,dkt,0,temperature,0.010072,0.726964,0.170566,134592
assist2015,dkt,1,none,0.008468,0.726292,0.170638,134592
assist2015,dkt,1,platt,0.004183,0.726292,0.170576,134592
assist2015,dkt,1,isotonic,0.003811,0.72612,0.170635,134592
assist2015,dkt,1,temperature,0.005603,0.726292,0.170596,134592
assist2015,dkt,2,none,0.009898,0.727098,0.170562,134592
assist2015,dkt,2,platt,0.004077,0.727098,0.170446,134592
assist2015,dkt,2,isotonic,0.00484,0.726927,0.170531,134592
assist2015,dkt,2,temperature,0.009487,0.727098,0.170552,134592
assist2015,dkt,3,none,0.009877,0.726627,0.170593,134592
assist2015,dkt,3,platt,0.004718,0.726627,0.170494,134592
assist2015,dkt,3,isotonic,0.002231,0.726458,0.170504,134592
assist2015,dkt,3,temperature,0.009303,0.726627,0.170579,134592
assist2015,dkt,4,none,0.006061,0.727083,0.170468,134592
assist2015,dkt,4,platt,0.005214,0.727083,0.17046,134592
assist2015,dkt,4,isotonic,0.004266,0.726952,0.170522,134592
assist2015,dkt,4,temperature,0.002511,0.727083,0.17043,134592
assist2015,sakt,0,none,0.017931,0.704343,0.175394,134592
assist2015,sakt,0,platt,0.004442,0.704343,0.17501,134592
assist2015,sakt,0,isotonic,0.004992,0.704189,0.175036,134592
assist2015,sakt,0,temperature,0.004662,0.704343,0.175011,134592
assist2015,sakt,1,none,0.016211,0.705128,0.175056,134592
assist2015,sakt,1,platt,0.005158,0.705128,0.174756,134592
assist2015,sakt,1,isotonic,0.004901,0.704957,0.174848,134592
assist2015,sakt,1,temperature,0.007288,0.705128,0.174797,134592
assist2015,sakt,2,none,0.023232,0.704935,0.175574,134592
assist2015,sakt,2,platt,0.005241,0.704935,0.17496,134592
assist2015,sakt,2,isotonic,0.006327,0.704703,0.175024,134592
assist2015,sakt,2,temperature,0.007145,0.704935,0.174999,134592
assist2015,sakt,3,none,0.024044,0.704972,0.175562,134592
assist2015,sakt,3,platt,0.005305,0.704972,0.174862,134592
assist2015,sakt,3,isotonic,0.004116,0.704802,0.174899,134592
assist2015,sakt,3,temperature,0.008671,0.704972,0.174935,134592
assist2015,sakt,4,none,0.018367,0.704609,0.17531,134592
assist2015,sakt,4,platt,0.00818,0.704609,0.175036,134592
assist2015,sakt,4,isotonic,0.005595,0.704509,0.175007,134592
assist2015,sakt,4,temperature,0.007612,0.704609,0.174984,134592
assist2015,simplekt,0,none,0.027523,0.717821,0.173268,134592
assist2015,simplekt,0,platt,0.00671,0.717821,0.172354,134592
assist2015,simplekt,0,isotonic,0.005542,0.717644,0.172353,134592
assist2015,simplekt,0,temperature,0.019135,0.717821,0.172917,134592
assist2015,simplekt,1,none,0.014417,0.719167,0.17227,134592
assist2015,simplekt,1,platt,0.004811,0.719167,0.17203,134592
assist2015,simplekt,1,isotonic,0.003963,0.719021,0.172018,134592
assist2015,simplekt,1,temperature,0.009889,0.719167,0.172188,134592
assist2015,simplekt,2,none,0.014495,0.717778,0.172725,134592
assist2015,simplekt,2,platt,0.006127,0.717778,0.172389,134592
assist2015,simplekt,2,isotonic,0.005518,0.717616,0.172433,134592
assist2015,simplekt,2,temperature,0.014214,0.717778,0.172719,134592
assist2015,simplekt,3,none,0.012932,0.717778,0.172551,134592
assist2015,simplekt,3,platt,0.005801,0.717778,0.172366,134592
assist2015,simplekt,3,isotonic,0.006179,0.717629,0.172375,134592
assist2015,simplekt,3,temperature,0.013037,0.717778,0.172553,134592
assist2015,simplekt,4,none,0.031623,0.715733,0.173683,134592
assist2015,simplekt,4,platt,0.005455,0.715733,0.172646,134592
assist2015,simplekt,4,isotonic,0.004736,0.715606,0.172695,134592
assist2015,simplekt,4,temperature,0.006942,0.715733,0.172683,134592
assist2017,akt,0,none,0.015605,0.758263,0.188321,177767
assist2017,akt,0,platt,0.004289,0.758263,0.187967,177767
assist2017,akt,0,isotonic,0.003977,0.758193,0.188035,177767
assist2017,akt,0,temperature,0.014493,0.758263,0.18822,177767
assist2017,akt,1,none,0.015451,0.758171,0.188319,177767
assist2017,akt,1,platt,0.005374,0.758171,0.188016,177767
assist2017,akt,1,isotonic,0.004746,0.758088,0.188063,177767
assist2017,akt,1,temperature,0.014054,0.758171,0.18824,177767
assist2017,akt,2,none,0.017773,0.757625,0.18869,177767
assist2017,akt,2,platt,0.005165,0.757625,0.188187,177767
assist2017,akt,2,isotonic,0.004939,0.757519,0.188262,177767
assist2017,akt,2,temperature,0.019725,0.757625,0.188642,177767
assist2017,akt,3,none,0.017108,0.758611,0.188194,177767
assist2017,akt,3,platt,0.003778,0.758611,0.187803,177767
assist2017,akt,3,isotonic,0.005612,0.758496,0.187873,177767
assist2017,akt,3,temperature,0.015749,0.758611,0.188113,177767
assist2017,akt,4,none,0.021251,0.759508,0.188446,177767
assist2017,akt,4,platt,0.006402,0.759508,0.18763,177767
assist2017,akt,4,isotonic,0.005803,0.759401,0.18768,177767
assist2017,akt,4,temperature,0.023599,0.759508,0.188225,177767
assist2017,dkt,0,none,0.013527,0.716836,0.201318,177767
assist2017,dkt,0,platt,0.004975,0.716836,0.201063,177767
assist2017,dkt,0,isotonic,0.005651,0.716772,0.201128,177767
assist2017,dkt,0,temperature,0.014528,0.716836,0.20131,177767
assist2017,dkt,1,none,0.022193,0.716318,0.201977,177767
assist2017,dkt,1,platt,0.004792,0.716318,0.201275,177767
assist2017,dkt,1,isotonic,0.004963,0.716138,0.201373,177767
assist2017,dkt,1,temperature,0.024976,0.716318,0.201973,177767
assist2017,dkt,2,none,0.011072,0.713119,0.202184,177767
assist2017,dkt,2,platt,0.005989,0.713119,0.202091,177767
assist2017,dkt,2,isotonic,0.00503,0.712923,0.202157,177767
assist2017,dkt,2,temperature,0.011342,0.713119,0.202188,177767
assist2017,dkt,3,none,0.015397,0.716586,0.201484,177767
assist2017,dkt,3,platt,0.004775,0.716586,0.201218,177767
assist2017,dkt,3,isotonic,0.003424,0.716494,0.201269,177767
assist2017,dkt,3,temperature,0.015497,0.716586,0.201485,177767
assist2017,dkt,4,none,0.023149,0.713289,0.202745,177767
assist2017,dkt,4,platt,0.00452,0.713289,0.202066,177767
assist2017,dkt,4,isotonic,0.005679,0.713185,0.202105,177767
assist2017,dkt,4,temperature,0.025489,0.713289,0.202778,177767
assist2017,sakt,0,none,0.010705,0.653685,0.21583,177767
assist2017,sakt,0,platt,0.005227,0.653685,0.215706,177767
assist2017,sakt,0,isotonic,0.003754,0.653435,0.215745,177767
assist2017,sakt,0,temperature,0.009835,0.653685,0.21581,177767
assist2017,sakt,1,none,0.011052,0.653277,0.215953,177767
assist2017,sakt,1,platt,0.005026,0.653277,0.215796,177767
assist2017,sakt,1,isotonic,0.003162,0.653111,0.215836,177767
assist2017,sakt,1,temperature,0.009482,0.653277,0.215874,177767
assist2017,sakt,2,none,0.012639,0.653932,0.215958,177767
assist2017,sakt,2,platt,0.004843,0.653932,0.215701,177767
assist2017,sakt,2,isotonic,0.00384,0.653862,0.215738,177767
assist2017,sakt,2,temperature,0.008326,0.653932,0.215772,177767
assist2017,sakt,3,none,0.008514,0.652367,0.216161,177767
assist2017,sakt,3,platt,0.006293,0.652367,0.216072,177767
assist2017,sakt,3,isotonic,0.003691,0.652273,0.216086,177767
assist2017,sakt,3,temperature,0.007358,0.652367,0.216076,177767
assist2017,sakt,4,none,0.010438,0.651551,0.216333,177767
assist2017,sakt,4,platt,0.004285,0.651551,0.216238,177767
assist2017,sakt,4,isotonic,0.005563,0.651201,0.216328,177767
assist2017,sakt,4,temperature,0.004425,0.651551,0.216235,177767
assist2017,simplekt,0,none,0.028142,0.754975,0.189852,177767
assist2017,simplekt,0,platt,0.00394,0.754975,0.188689,177767
assist2017,simplekt,0,isotonic,0.003529,0.754906,0.188769,177767
assist2017,simplekt,0,temperature,0.024124,0.754975,0.189429,177767
assist2017,simplekt,1,none,0.020957,0.756517,0.188735,177767
assist2017,simplekt,1,platt,0.007943,0.756517,0.188252,177767
assist2017,simplekt,1,isotonic,0.003925,0.756465,0.188214,177767
assist2017,simplekt,1,temperature,0.009239,0.756517,0.188291,177767
assist2017,simplekt,2,none,0.01964,0.754668,0.189274,177767
assist2017,simplekt,2,platt,0.008132,0.754668,0.188928,177767
assist2017,simplekt,2,isotonic,0.006651,0.754532,0.188972,177767
assist2017,simplekt,2,temperature,0.007038,0.754668,0.189003,177767
assist2017,simplekt,3,none,0.016694,0.751014,0.190489,177767
assist2017,simplekt,3,platt,0.006174,0.751014,0.190166,177767
assist2017,simplekt,3,isotonic,0.003901,0.750943,0.190175,177767
assist2017,simplekt,3,temperature,0.016481,0.751014,0.190468,177767
assist2017,simplekt,4,none,0.030205,0.757588,0.188883,177767
assist2017,simplekt,4,platt,0.010601,0.757588,0.187957,177767
assist2017,simplekt,4,isotonic,0.002443,0.757478,0.187843,177767
assist2017,simplekt,4,temperature,0.030272,0.757588,0.188948,177767
bridge2algebra2006,akt,0,none,0.006052,0.806981,0.107422,353631
bridge2algebra2006,akt,0,platt,0.00231,0.806981,0.107401,353631
bridge2algebra2006,akt,0,isotonic,0.002191,0.806904,0.107411,353631
bridge2algebra2006,akt,0,temperature,0.003246,0.806981,0.107412,353631
bridge2algebra2006,akt,1,none,0.006429,0.807108,0.107421,353631
bridge2algebra2006,akt,1,platt,0.002526,0.807108,0.107399,353631
bridge2algebra2006,akt,1,isotonic,0.002283,0.807,0.107433,353631
bridge2algebra2006,akt,1,temperature,0.002611,0.807108,0.1074,353631
bridge2algebra2006,akt,2,none,0.007233,0.807853,0.107228,353631
bridge2algebra2006,akt,2,platt,0.003267,0.807853,0.107196,353631
bridge2algebra2006,akt,2,isotonic,0.002692,0.807725,0.107207,353631
bridge2algebra2006,akt,2,temperature,0.004266,0.807853,0.107216,353631
bridge2algebra2006,akt,3,none,0.006271,0.806142,0.107615,353631
bridge2algebra2006,akt,3,platt,0.00435,0.806142,0.107565,353631
bridge2algebra2006,akt,3,isotonic,0.003962,0.806013,0.107585,353631
bridge2algebra2006,akt,3,temperature,0.006555,0.806142,0.107637,353631
bridge2algebra2006,akt,4,none,0.00895,0.806228,0.107816,353631
bridge2algebra2006,akt,4,platt,0.00256,0.806228,0.10763,353631
bridge2algebra2006,akt,4,isotonic,0.002321,0.806106,0.107648,353631
bridge2algebra2006,akt,4,temperature,0.008251,0.806228,0.107828,353631
bridge2algebra2006,dkt,0,none,0.006762,0.797664,0.108271,353631
bridge2algebra2006,dkt,0,platt,0.00286,0.797664,0.10822,353631
bridge2algebra2006,dkt,0,isotonic,0.003165,0.797526,0.108249,353631
bridge2algebra2006,dkt,0,temperature,0.004094,0.797664,0.108247,353631
bridge2algebra2006,dkt,1,none,0.006635,0.796995,0.108448,353631
bridge2algebra2006,dkt,1,platt,0.001981,0.796995,0.108377,353631
bridge2algebra2006,dkt,1,isotonic,0.003054,0.79689,0.108393,353631
bridge2algebra2006,dkt,1,temperature,0.00469,0.796995,0.108431,353631
bridge2algebra2006,dkt,2,none,0.004558,0.796577,0.108576,353631
bridge2algebra2006,dkt,2,platt,0.003428,0.796577,0.108537,353631
bridge2algebra2006,dkt,2,isotonic,0.00339,0.796481,0.108594,353631
bridge2algebra2006,dkt,2,temperature,0.005444,0.796577,0.108584,353631
bridge2algebra2006,dkt,3,none,0.006199,0.795681,0.10889,353631
bridge2algebra2006,dkt,3,platt,0.004888,0.795681,0.108803,353631
bridge2algebra2006,dkt,3,isotonic,0.00478,0.795645,0.108808,353631
bridge2algebra2006,dkt,3,temperature,0.008374,0.795681,0.108915,353631
bridge2algebra2006,dkt,4,none,0.004964,0.797134,0.10847,353631
bridge2algebra2006,dkt,4,platt,0.002349,0.797134,0.108384,353631
bridge2algebra2006,dkt,4,isotonic,0.002361,0.797039,0.108414,353631
bridge2algebra2006,dkt,4,temperature,0.006051,0.797134,0.108477,353631
bridge2algebra2006,sakt,0,none,0.014437,0.761613,0.115522,353631
bridge2algebra2006,sakt,0,platt,0.002382,0.761613,0.115152,353631
bridge2algebra2006,sakt,0,isotonic,0.001953,0.76145,0.115171,353631
bridge2algebra2006,sakt,0,temperature,0.010526,0.761613,0.115456,353631
bridge2algebra2006,sakt,1,none,0.012355,0.761873,0.115247,353631
bridge2algebra2006,sakt,1,platt,0.002603,0.761873,0.115006,353631
bridge2algebra2006,sakt,1,isotonic,0.002335,0.761749,0.115026,353631
bridge2algebra2006,sakt,1,temperature,0.008841,0.761873,0.115223,353631
bridge2algebra2006,sakt,2,none,0.013933,0.760911,0.115511,353631
bridge2algebra2006,sakt,2,platt,0.002815,0.760911,0.115122,353631
bridge2algebra2006,sakt,2,isotonic,0.0034,0.760721,0.115164,353631
bridge2algebra2006,sakt,2,temperature,0.012891,0.760911,0.115533,353631
bridge2algebra2006,sakt,3,none,0.011886,0.760993,0.11547,353631
bridge2algebra2006,sakt,3,platt,0.004168,0.760993,0.115265,353631
bridge2algebra2006,sakt,3,isotonic,0.004335,0.760867,0.115299,353631
bridge2algebra2006,sakt,3,temperature,0.008168,0.760993,0.115433,353631
bridge2algebra2006,sakt,4,none,0.01823,0.760191,0.115593,353631
bridge2algebra2006,sakt,4,platt,0.003117,0.760191,0.115123,353631
bridge2algebra2006,sakt,4,isotonic,0.003115,0.760065,0.115125,353631
bridge2algebra2006,sakt,4,temperature,0.012811,0.760191,0.115499,353631
bridge2algebra2006,simplekt,0,none,0.006858,0.808154,0.107026,353631
bridge2algebra2006,simplekt,0,platt,0.004332,0.808154,0.106964,353631
bridge2algebra2006,simplekt,0,isotonic,0.001966,0.808064,0.106954,353631
bridge2algebra2006,simplekt,0,temperature,0.006799,0.808154,0.107015,353631
bridge2algebra2006,simplekt,1,none,0.012604,0.806248,0.1066,353631
bridge2algebra2006,simplekt,1,platt,0.008469,0.806248,0.106558,353631
bridge2algebra2006,simplekt,1,isotonic,0.002886,0.806118,0.106468,353631
bridge2algebra2006,simplekt,1,temperature,0.008712,0.806248,0.106562,353631
bridge2algebra2006,simplekt,2,none,0.018963,0.807025,0.107032,353631
bridge2algebra2006,simplekt,2,platt,0.008403,0.807025,0.10657,353631
bridge2algebra2006,simplekt,2,isotonic,0.002538,0.806903,0.106467,353631
bridge2algebra2006,simplekt,2,temperature,0.0193,0.807025,0.10714,353631
bridge2algebra2006,simplekt,3,none,0.029778,0.804825,0.108854,353631
bridge2algebra2006,simplekt,3,platt,0.006532,0.804825,0.107593,353631
bridge2algebra2006,simplekt,3,isotonic,0.004676,0.804717,0.107509,353631
bridge2algebra2006,simplekt,3,temperature,0.016134,0.804825,0.108245,353631
bridge2algebra2006,simplekt,4,none,0.027681,0.804794,0.108345,353631
bridge2algebra2006,simplekt,4,platt,0.003385,0.804794,0.107407,353631
bridge2algebra2006,simplekt,4,isotonic,0.003121,0.804619,0.107424,353631
bridge2algebra2006,simplekt,4,temperature,0.011229,0.804794,0.107648,353631
ednet,akt,0,none,0.003876,0.921521,0.096722,301372
ednet,akt,0,platt,0.003866,0.921521,0.096714,301372
ednet,akt,0,isotonic,0.002542,0.921481,0.09673,301372
ednet,akt,0,temperature,0.003738,0.921521,0.096723,301372
ednet,akt,1,none,0.002703,0.924804,0.094784,301372
ednet,akt,1,platt,0.009202,0.924804,0.094961,301372
ednet,akt,1,isotonic,0.009258,0.924753,0.095007,301372
ednet,akt,1,temperature,0.005783,0.924804,0.094829,301372
ednet,akt,2,none,0.002372,0.921524,0.096703,301372
ednet,akt,2,platt,0.003486,0.921524,0.096701,301372
ednet,akt,2,isotonic,0.005097,0.921511,0.09674,301372
ednet,akt,2,temperature,0.003299,0.921524,0.096706,301372
ednet,akt,3,none,0.003075,0.925029,0.094783,301372
ednet,akt,3,platt,0.007263,0.925029,0.094888,301372
ednet,akt,3,isotonic,0.007208,0.924979,0.094968,301372
ednet,akt,3,temperature,0.004572,0.925029,0.094806,301372
ednet,akt,4,none,0.004776,0.925952,0.094153,301372
ednet,akt,4,platt,0.002785,0.925952,0.094094,301372
ednet,akt,4,isotonic,0.002113,0.925915,0.094112,301372
ednet,akt,4,temperature,0.003539,0.925952,0.094146,301372
ednet,dkt,0,none,0.00985,0.925847,0.09383,301372
ednet,dkt,0,platt,0.011022,0.925847,0.093894,301372
ednet,dkt,0,isotonic,0.001837,0.925797,0.093556,301372
ednet,dkt,0,temperature,0.011192,0.925847,0.093906,301372
ednet,dkt,1,none,0.009519,0.925611,0.093834,301372
ednet,dkt,1,platt,0.014773,0.925611,0.094342,301372
ednet,dkt,1,isotonic,0.011275,0.92552,0.093974,301372
ednet,dkt,1,temperature,0.009769,0.925611,0.093843,301372
ednet,dkt,2,none,0.010165,0.925027,0.094081,301372
ednet,dkt,2,platt,0.010934,0.925027,0.094114,301372
ednet,dkt,2,isotonic,0.003914,0.924953,0.093871,301372
ednet,dkt,2,temperature,0.011212,0.925027,0.094176,301372
ednet,dkt,3,none,0.009154,0.925396,0.093865,301372
ednet,dkt,3,platt,0.013034,0.925396,0.094251,301372
ednet,dkt,3,isotonic,0.008758,0.925365,0.093912,301372
ednet,dkt,3,temperature,0.009702,0.925396,0.093881,301372
ednet,dkt,4,none,0.008992,0.924717,0.094224,301372
ednet,dkt,4,platt,0.011845,0.924717,0.094439,301372
ednet,dkt,4,isotonic,0.002884,0.924693,0.094041,301372
ednet,dkt,4,temperature,0.011506,0.924717,0.094331,301372
ednet,sakt,0,none,0.022108,0.917873,0.10009,301372
ednet,sakt,0,platt,0.006188,0.917873,0.098991,301372
ednet,sakt,0,isotonic,0.002295,0.917832,0.098891,301372
ednet,sakt,0,temperature,0.00678,0.917873,0.099007,301372
ednet,sakt,1,none,0.030001,0.918181,0.101103,301372
ednet,sakt,1,platt,0.014126,0.918181,0.098795,301372
ednet,sakt,1,isotonic,0.010803,0.918147,0.098444,301372
ednet,sakt,1,temperature,0.024863,0.918181,0.099909,301372
ednet,sakt,2,none,0.017771,0.918379,0.099418,301372
ednet,sakt,2,platt,0.007098,0.918379,0.098684,301372
ednet,sakt,2,isotonic,0.002514,0.918266,0.098583,301372
ednet,sakt,2,temperature,0.009889,0.918379,0.098797,301372
ednet,sakt,3,none,0.016203,0.91763,0.099776,301372
ednet,sakt,3,platt,0.010825,0.91763,0.099315,301372
ednet,sakt,3,isotonic,0.007522,0.917571,0.099182,301372
ednet,sakt,3,temperature,0.010623,0.91763,0.099304,301372
ednet,sakt,4,none,0.013136,0.919041,0.098848,301372
ednet,sakt,4,platt,0.004764,0.919041,0.098325,301372
ednet,sakt,4,isotonic,0.001008,0.918979,0.098306,301372
ednet,sakt,4,temperature,0.010396,0.919041,0.09867,301372
ednet,simplekt,0,none,0.021576,0.940611,0.088204,301372
ednet,simplekt,0,platt,0.009527,0.940611,0.087109,301372
ednet,simplekt,0,isotonic,0.002301,0.940546,0.086869,301372
ednet,simplekt,0,temperature,0.012469,0.940611,0.087241,301372
ednet,simplekt,1,none,0.013842,0.941215,0.087027,301372
ednet,simplekt,1,platt,0.012812,0.941215,0.086911,301372
ednet,simplekt,1,isotonic,0.009619,0.941178,0.086751,301372
ednet,simplekt,1,temperature,0.011507,0.941215,0.086814,301372
ednet,simplekt,2,none,0.020685,0.940673,0.088107,301372
ednet,simplekt,2,platt,0.010717,0.940673,0.087181,301372
ednet,simplekt,2,isotonic,0.003844,0.940619,0.086815,301372
ednet,simplekt,2,temperature,0.013353,0.940673,0.087234,301372
ednet,simplekt,3,none,0.019687,0.940562,0.087984,301372
ednet,simplekt,3,platt,0.017149,0.940562,0.087499,301372
ednet,simplekt,3,isotonic,0.008249,0.940526,0.086934,301372
ednet,simplekt,3,temperature,0.016428,0.940562,0.08746,301372
ednet,simplekt,4,none,0.021462,0.940598,0.088375,301372
ednet,simplekt,4,platt,0.003596,0.940598,0.086984,301372
ednet,simplekt,4,isotonic,0.002691,0.940567,0.08694,301372
ednet,simplekt,4,temperature,0.021962,0.940598,0.088317,301372
