dataset,model,fold,method,ece,auc,brier,n_test,n_valid,pipeline
algebra2005,akt,0,none,0.022221,0.807882,0.14107,92945,112859,leakfree_pykt_v4
algebra2005,akt,0,platt,0.018262,0.807882,0.140139,92945,112859,leakfree_pykt_v4
algebra2005,akt,0,isotonic,0.009306,0.807788,0.139616,92945,112859,leakfree_pykt_v4
algebra2005,akt,0,temperature,0.019987,0.807882,0.140524,92945,112859,leakfree_pykt_v4
algebra2005,akt,1,none,0.024972,0.807937,0.140905,92945,111871,leakfree_pykt_v4
algebra2005,akt,1,platt,0.015269,0.807937,0.139852,92945,111871,leakfree_pykt_v4
algebra2005,akt,1,isotonic,0.010155,0.80779,0.13944,92945,111871,leakfree_pykt_v4
algebra2005,akt,1,temperature,0.018241,0.807937,0.140214,92945,111871,leakfree_pykt_v4
algebra2005,akt,2,none,0.026763,0.806223,0.141569,92945,100740,leakfree_pykt_v4
algebra2005,akt,2,platt,0.016819,0.806223,0.140598,92945,100740,leakfree_pykt_v4
algebra2005,akt,2,isotonic,0.006111,0.806062,0.140004,92945,100740,leakfree_pykt_v4
algebra2005,akt,2,temperature,0.017969,0.806223,0.14084,92945,100740,leakfree_pykt_v4
algebra2005,akt,3,none,0.035477,0.811003,0.140481,92945,94885,leakfree_pykt_v4
algebra2005,akt,3,platt,0.018121,0.811003,0.139098,92945,94885,leakfree_pykt_v4
algebra2005,akt,3,isotonic,0.003602,0.810737,0.138541,92945,94885,leakfree_pykt_v4
algebra2005,akt,3,temperature,0.016939,0.811003,0.139174,92945,94885,leakfree_pykt_v4
algebra2005,akt,4,none,0.026557,0.813399,0.139301,92945,89450,leakfree_pykt_v4
algebra2005,akt,4,platt,0.017204,0.813399,0.138259,92945,89450,leakfree_pykt_v4
algebra2005,akt,4,isotonic,0.003825,0.813158,0.137806,92945,89450,leakfree_pykt_v4
algebra2005,akt,4,temperature,0.016118,0.813399,0.138539,92945,89450,leakfree_pykt_v4
algebra2005,dkt,0,none,0.018427,0.80977,0.137509,92945,112859,leakfree_pykt_v4
algebra2005,dkt,0,platt,0.008312,0.80977,0.136785,92945,112859,leakfree_pykt_v4
algebra2005,dkt,0,isotonic,0.008396,0.809637,0.13686,92945,112859,leakfree_pykt_v4
algebra2005,dkt,0,temperature,0.022739,0.80977,0.137541,92945,112859,leakfree_pykt_v4
algebra2005,dkt,1,none,0.009144,0.808036,0.137535,92945,111871,leakfree_pykt_v4
algebra2005,dkt,1,platt,0.008111,0.808036,0.137509,92945,111871,leakfree_pykt_v4
algebra2005,dkt,1,isotonic,0.008684,0.807946,0.137595,92945,111871,leakfree_pykt_v4
algebra2005,dkt,1,temperature,0.006896,0.808036,0.137471,92945,111871,leakfree_pykt_v4
algebra2005,dkt,2,none,0.009056,0.808664,0.137157,92945,100740,leakfree_pykt_v4
algebra2005,dkt,2,platt,0.00432,0.808664,0.136991,92945,100740,leakfree_pykt_v4
algebra2005,dkt,2,isotonic,0.005417,0.80849,0.13707,92945,100740,leakfree_pykt_v4
algebra2005,dkt,2,temperature,0.010365,0.808664,0.137155,92945,100740,leakfree_pykt_v4
algebra2005,dkt,3,none,0.00945,0.80915,0.137183,92945,94885,leakfree_pykt_v4
algebra2005,dkt,3,platt,0.005059,0.80915,0.136979,92945,94885,leakfree_pykt_v4
algebra2005,dkt,3,isotonic,0.004145,0.808933,0.137063,92945,94885,leakfree_pykt_v4
algebra2005,dkt,3,temperature,0.009977,0.80915,0.137174,92945,94885,leakfree_pykt_v4
algebra2005,dkt,4,none,0.011838,0.811403,0.136463,92945,89450,leakfree_pykt_v4
algebra2005,dkt,4,platt,0.004281,0.811403,0.136228,92945,89450,leakfree_pykt_v4
algebra2005,dkt,4,isotonic,0.003709,0.811228,0.136272,92945,89450,leakfree_pykt_v4
algebra2005,dkt,4,temperature,0.009966,0.811403,0.136415,92945,89450,leakfree_pykt_v4
algebra2005,sakt,0,none,0.058987,0.784079,0.148954,92945,112859,leakfree_pykt_v4
algebra2005,sakt,0,platt,0.014077,0.784079,0.144893,92945,112859,leakfree_pykt_v4
algebra2005,sakt,0,isotonic,0.009452,0.784002,0.144758,92945,112859,leakfree_pykt_v4
algebra2005,sakt,0,temperature,0.017973,0.784079,0.145219,92945,112859,leakfree_pykt_v4
algebra2005,sakt,1,none,0.057575,0.783637,0.149274,92945,111871,leakfree_pykt_v4
algebra2005,sakt,1,platt,0.012471,0.783637,0.144957,92945,111871,leakfree_pykt_v4
algebra2005,sakt,1,isotonic,0.010279,0.783523,0.144903,92945,111871,leakfree_pykt_v4
algebra2005,sakt,1,temperature,0.023181,0.783637,0.145694,92945,111871,leakfree_pykt_v4
algebra2005,sakt,2,none,0.053585,0.784742,0.148592,92945,100740,leakfree_pykt_v4
algebra2005,sakt,2,platt,0.01168,0.784742,0.144571,92945,100740,leakfree_pykt_v4
algebra2005,sakt,2,isotonic,0.006375,0.784649,0.144473,92945,100740,leakfree_pykt_v4
algebra2005,sakt,2,temperature,0.023087,0.784742,0.145565,92945,100740,leakfree_pykt_v4
algebra2005,sakt,3,none,0.05072,0.786026,0.149427,92945,94885,leakfree_pykt_v4
algebra2005,sakt,3,platt,0.013258,0.786026,0.144636,92945,94885,leakfree_pykt_v4
algebra2005,sakt,3,isotonic,0.006512,0.785841,0.144437,92945,94885,leakfree_pykt_v4
algebra2005,sakt,3,temperature,0.035251,0.786026,0.146984,92945,94885,leakfree_pykt_v4
algebra2005,sakt,4,none,0.051681,0.785237,0.148499,92945,89450,leakfree_pykt_v4
algebra2005,sakt,4,platt,0.010565,0.785237,0.144443,92945,89450,leakfree_pykt_v4
algebra2005,sakt,4,isotonic,0.004658,0.78508,0.144304,92945,89450,leakfree_pykt_v4
algebra2005,sakt,4,temperature,0.026377,0.785237,0.145776,92945,89450,leakfree_pykt_v4
algebra2005,simplekt,0,none,0.053902,0.813394,0.142022,92945,112859,leakfree_pykt_v4
algebra2005,simplekt,0,platt,0.008114,0.813394,0.136746,92945,112859,leakfree_pykt_v4
algebra2005,simplekt,0,isotonic,0.008114,0.813322,0.136741,92945,112859,leakfree_pykt_v4
algebra2005,simplekt,0,temperature,0.044531,0.813394,0.139857,92945,112859,leakfree_pykt_v4
algebra2005,simplekt,1,none,0.049265,0.814078,0.141077,92945,111871,leakfree_pykt_v4
algebra2005,simplekt,1,platt,0.017339,0.814078,0.137823,92945,111871,leakfree_pykt_v4
algebra2005,simplekt,1,isotonic,0.01132,0.813905,0.137595,92945,111871,leakfree_pykt_v4
algebra2005,simplekt,1,temperature,0.019294,0.814078,0.138201,92945,111871,leakfree_pykt_v4
algebra2005,simplekt,2,none,0.065425,0.815247,0.1417,92945,100740,leakfree_pykt_v4
algebra2005,simplekt,2,platt,0.009946,0.815247,0.136517,92945,100740,leakfree_pykt_v4
algebra2005,simplekt,2,isotonic,0.004745,0.815138,0.136381,92945,100740,leakfree_pykt_v4
algebra2005,simplekt,2,temperature,0.011276,0.815247,0.13668,92945,100740,leakfree_pykt_v4
algebra2005,simplekt,3,none,0.066805,0.816694,0.141712,92945,94885,leakfree_pykt_v4
algebra2005,simplekt,3,platt,0.010671,0.816694,0.136135,92945,94885,leakfree_pykt_v4
algebra2005,simplekt,3,isotonic,0.00297,0.816465,0.135957,92945,94885,leakfree_pykt_v4
algebra2005,simplekt,3,temperature,0.013477,0.816694,0.136506,92945,94885,leakfree_pykt_v4
algebra2005,simplekt,4,none,0.042426,0.812816,0.142525,92945,89450,leakfree_pykt_v4
algebra2005,simplekt,4,platt,0.022667,0.812816,0.138847,92945,89450,leakfree_pykt_v4
algebra2005,simplekt,4,isotonic,0.005607,0.812646,0.137914,92945,89450,leakfree_pykt_v4
algebra2005,simplekt,4,temperature,0.034192,0.812816,0.140643,92945,89450,leakfree_pykt_v4
assist2009,akt,0,none,0.022129,0.761532,0.184293,52254,43171,leakfree_pykt_v4
assist2009,akt,0,platt,0.012379,0.761532,0.184038,52254,43171,leakfree_pykt_v4
assist2009,akt,0,isotonic,0.010829,0.761307,0.18398,52254,43171,leakfree_pykt_v4
assist2009,akt,0,temperature,0.007884,0.761532,0.183808,52254,43171,leakfree_pykt_v4
assist2009,akt,1,none,0.016864,0.7586,0.184926,52254,43942,leakfree_pykt_v4
assist2009,akt,1,platt,0.014141,0.7586,0.184882,52254,43942,leakfree_pykt_v4
assist2009,akt,1,isotonic,0.012988,0.758109,0.184934,52254,43942,leakfree_pykt_v4
assist2009,akt,1,temperature,0.005211,0.7586,0.184611,52254,43942,leakfree_pykt_v4
assist2009,akt,2,none,0.018708,0.760558,0.184417,52254,43884,leakfree_pykt_v4
assist2009,akt,2,platt,0.014653,0.760558,0.184314,52254,43884,leakfree_pykt_v4
assist2009,akt,2,isotonic,0.013573,0.760186,0.184322,52254,43884,leakfree_pykt_v4
assist2009,akt,2,temperature,0.006608,0.760558,0.184056,52254,43884,leakfree_pykt_v4
assist2009,akt,3,none,0.018946,0.758337,0.185216,52254,49836,leakfree_pykt_v4
assist2009,akt,3,platt,0.014283,0.758337,0.185059,52254,49836,leakfree_pykt_v4
assist2009,akt,3,isotonic,0.01399,0.758074,0.185051,52254,49836,leakfree_pykt_v4
assist2009,akt,3,temperature,0.007022,0.758337,0.184841,52254,49836,leakfree_pykt_v4
assist2009,akt,4,none,0.028664,0.759084,0.185272,52254,44892,leakfree_pykt_v4
assist2009,akt,4,platt,0.010999,0.759084,0.184653,52254,44892,leakfree_pykt_v4
assist2009,akt,4,isotonic,0.00786,0.758719,0.184661,52254,44892,leakfree_pykt_v4
assist2009,akt,4,temperature,0.010796,0.759084,0.184641,52254,44892,leakfree_pykt_v4
assist2009,dkt,0,none,0.009353,0.74995,0.187436,52254,43171,leakfree_pykt_v4
assist2009,dkt,0,platt,0.011849,0.74995,0.187569,52254,43171,leakfree_pykt_v4
assist2009,dkt,0,isotonic,0.011968,0.749547,0.18772,52254,43171,leakfree_pykt_v4
assist2009,dkt,0,temperature,0.005373,0.74995,0.187352,52254,43171,leakfree_pykt_v4
assist2009,dkt,1,none,0.008751,0.748007,0.187958,52254,43942,leakfree_pykt_v4
assist2009,dkt,1,platt,0.015137,0.748007,0.188176,52254,43942,leakfree_pykt_v4
assist2009,dkt,1,isotonic,0.015119,0.747824,0.188284,52254,43942,leakfree_pykt_v4
assist2009,dkt,1,temperature,0.00886,0.748007,0.187958,52254,43942,leakfree_pykt_v4
assist2009,dkt,2,none,0.011354,0.751352,0.186862,52254,43884,leakfree_pykt_v4
assist2009,dkt,2,platt,0.013861,0.751352,0.186898,52254,43884,leakfree_pykt_v4
assist2009,dkt,2,isotonic,0.013669,0.750975,0.187028,52254,43884,leakfree_pykt_v4
assist2009,dkt,2,temperature,0.008059,0.751352,0.186764,52254,43884,leakfree_pykt_v4
assist2009,dkt,3,none,0.013117,0.751708,0.186896,52254,49836,leakfree_pykt_v4
assist2009,dkt,3,platt,0.013099,0.751708,0.18689,52254,49836,leakfree_pykt_v4
assist2009,dkt,3,isotonic,0.014108,0.751548,0.186956,52254,49836,leakfree_pykt_v4
assist2009,dkt,3,temperature,0.004167,0.751708,0.186725,52254,49836,leakfree_pykt_v4
assist2009,dkt,4,none,0.017509,0.752466,0.186592,52254,44892,leakfree_pykt_v4
assist2009,dkt,4,platt,0.008556,0.752466,0.186298,52254,44892,leakfree_pykt_v4
assist2009,dkt,4,isotonic,0.00688,0.752134,0.18644,52254,44892,leakfree_pykt_v4
assist2009,dkt,4,temperature,0.006456,0.752466,0.186266,52254,44892,leakfree_pykt_v4
assist2009,sakt,0,none,0.04486,0.728623,0.195636,52254,43171,leakfree_pykt_v4
assist2009,sakt,0,platt,0.013043,0.728623,0.193345,52254,43171,leakfree_pykt_v4
assist2009,sakt,0,isotonic,0.013432,0.728351,0.193547,52254,43171,leakfree_pykt_v4
assist2009,sakt,0,temperature,0.013459,0.728623,0.193506,52254,43171,leakfree_pykt_v4
assist2009,sakt,1,none,0.046014,0.731512,0.195013,52254,43942,leakfree_pykt_v4
assist2009,sakt,1,platt,0.01153,0.731512,0.192765,52254,43942,leakfree_pykt_v4
assist2009,sakt,1,isotonic,0.011223,0.731309,0.192848,52254,43942,leakfree_pykt_v4
assist2009,sakt,1,temperature,0.007716,0.731512,0.192586,52254,43942,leakfree_pykt_v4
assist2009,sakt,2,none,0.041747,0.729705,0.195113,52254,43884,leakfree_pykt_v4
assist2009,sakt,2,platt,0.014382,0.729705,0.193325,52254,43884,leakfree_pykt_v4
assist2009,sakt,2,isotonic,0.015241,0.729396,0.193531,52254,43884,leakfree_pykt_v4
assist2009,sakt,2,temperature,0.006323,0.729705,0.193141,52254,43884,leakfree_pykt_v4
assist2009,sakt,3,none,0.048571,0.729143,0.195765,52254,49836,leakfree_pykt_v4
assist2009,sakt,3,platt,0.011411,0.729143,0.193279,52254,49836,leakfree_pykt_v4
assist2009,sakt,3,isotonic,0.014454,0.729061,0.19349,52254,49836,leakfree_pykt_v4
assist2009,sakt,3,temperature,0.010138,0.729143,0.193246,52254,49836,leakfree_pykt_v4
assist2009,sakt,4,none,0.037117,0.728576,0.194916,52254,44892,leakfree_pykt_v4
assist2009,sakt,4,platt,0.010168,0.728576,0.193533,52254,44892,leakfree_pykt_v4
assist2009,sakt,4,isotonic,0.011027,0.728156,0.193994,52254,44892,leakfree_pykt_v4
assist2009,sakt,4,temperature,0.007585,0.728576,0.193434,52254,44892,leakfree_pykt_v4
assist2009,simplekt,0,none,0.079748,0.763575,0.191806,52254,43171,leakfree_pykt_v4
assist2009,simplekt,0,platt,0.014285,0.763575,0.184793,52254,43171,leakfree_pykt_v4
assist2009,simplekt,0,isotonic,0.010529,0.763322,0.184682,52254,43171,leakfree_pykt_v4
assist2009,simplekt,0,temperature,0.010038,0.763575,0.184611,52254,43171,leakfree_pykt_v4
assist2009,simplekt,1,none,0.126441,0.760676,0.204737,52254,43942,leakfree_pykt_v4
assist2009,simplekt,1,platt,0.017,0.760676,0.185781,52254,43942,leakfree_pykt_v4
assist2009,simplekt,1,isotonic,0.015658,0.760521,0.18559,52254,43942,leakfree_pykt_v4
assist2009,simplekt,1,temperature,0.047441,0.760676,0.188019,52254,43942,leakfree_pykt_v4
assist2009,simplekt,2,none,0.025203,0.759104,0.186988,52254,43884,leakfree_pykt_v4
assist2009,simplekt,2,platt,0.018653,0.759104,0.186664,52254,43884,leakfree_pykt_v4
assist2009,simplekt,2,isotonic,0.017392,0.758863,0.186558,52254,43884,leakfree_pykt_v4
assist2009,simplekt,2,temperature,0.013968,0.759104,0.18649,52254,43884,leakfree_pykt_v4
assist2009,simplekt,3,none,0.057081,0.767424,0.186466,52254,49836,leakfree_pykt_v4
assist2009,simplekt,3,platt,0.016002,0.767424,0.183013,52254,49836,leakfree_pykt_v4
assist2009,simplekt,3,isotonic,0.015927,0.767085,0.183004,52254,49836,leakfree_pykt_v4
assist2009,simplekt,3,temperature,0.020804,0.767424,0.183195,52254,49836,leakfree_pykt_v4
assist2009,simplekt,4,none,0.112814,0.766135,0.197373,52254,44892,leakfree_pykt_v4
assist2009,simplekt,4,platt,0.011757,0.766135,0.183303,52254,44892,leakfree_pykt_v4
assist2009,simplekt,4,isotonic,0.008854,0.765803,0.183303,52254,44892,leakfree_pykt_v4
assist2009,simplekt,4,temperature,0.009984,0.766135,0.183226,52254,44892,leakfree_pykt_v4
assist2012,akt,0,none,0.014995,0.772909,0.168261,536087,439766,leakfree_pykt_v4
assist2012,akt,0,platt,0.001522,0.772909,0.168007,536087,439766,leakfree_pykt_v4
assist2012,akt,0,isotonic,0.001847,0.772851,0.168024,536087,439766,leakfree_pykt_v4
assist2012,akt,0,temperature,0.004805,0.772909,0.168034,536087,439766,leakfree_pykt_v4
assist2012,akt,1,none,0.014902,0.772772,0.168316,536087,432602,leakfree_pykt_v4
assist2012,akt,1,platt,0.00201,0.772772,0.168056,536087,432602,leakfree_pykt_v4
assist2012,akt,1,isotonic,0.002734,0.772734,0.168087,536087,432602,leakfree_pykt_v4
assist2012,akt,1,temperature,0.004195,0.772772,0.168079,536087,432602,leakfree_pykt_v4
assist2012,akt,2,none,0.014593,0.771735,0.168718,536087,424912,leakfree_pykt_v4
assist2012,akt,2,platt,0.002406,0.771735,0.168477,536087,424912,leakfree_pykt_v4
assist2012,akt,2,isotonic,0.002123,0.771684,0.168509,536087,424912,leakfree_pykt_v4
assist2012,akt,2,temperature,0.002619,0.771735,0.168489,536087,424912,leakfree_pykt_v4
assist2012,akt,3,none,0.014001,0.771509,0.168699,536087,419158,leakfree_pykt_v4
assist2012,akt,3,platt,0.002021,0.771509,0.168476,536087,419158,leakfree_pykt_v4
assist2012,akt,3,isotonic,0.002215,0.771432,0.168505,536087,419158,leakfree_pykt_v4
assist2012,akt,3,temperature,0.002186,0.771509,0.168477,536087,419158,leakfree_pykt_v4
assist2012,akt,4,none,0.012415,0.772492,0.168315,536087,423475,leakfree_pykt_v4
assist2012,akt,4,platt,0.000583,0.772492,0.168133,536087,423475,leakfree_pykt_v4
assist2012,akt,4,isotonic,0.001843,0.77244,0.168147,536087,423475,leakfree_pykt_v4
assist2012,akt,4,temperature,0.004293,0.772492,0.168161,536087,423475,leakfree_pykt_v4
assist2012,dkt,0,none,0.007335,0.729251,0.180473,536087,439766,leakfree_pykt_v4
assist2012,dkt,0,platt,0.001481,0.729251,0.180418,536087,439766,leakfree_pykt_v4
assist2012,dkt,0,isotonic,0.001882,0.729196,0.180439,536087,439766,leakfree_pykt_v4
assist2012,dkt,0,temperature,0.003891,0.729251,0.18045,536087,439766,leakfree_pykt_v4
assist2012,dkt,1,none,0.004072,0.729305,0.180412,536087,432602,leakfree_pykt_v4
assist2012,dkt,1,platt,0.002387,0.729305,0.180399,536087,432602,leakfree_pykt_v4
assist2012,dkt,1,isotonic,0.002343,0.729238,0.180421,536087,432602,leakfree_pykt_v4
assist2012,dkt,1,temperature,0.003361,0.729305,0.18041,536087,432602,leakfree_pykt_v4
assist2012,dkt,2,none,0.003412,0.728927,0.180486,536087,424912,leakfree_pykt_v4
assist2012,dkt,2,platt,0.002603,0.728927,0.18048,536087,424912,leakfree_pykt_v4
assist2012,dkt,2,isotonic,0.002029,0.728877,0.180494,536087,424912,leakfree_pykt_v4
assist2012,dkt,2,temperature,0.002801,0.728927,0.180483,536087,424912,leakfree_pykt_v4
assist2012,dkt,3,none,0.002799,0.730108,0.180193,536087,419158,leakfree_pykt_v4
assist2012,dkt,3,platt,0.002815,0.730108,0.180191,536087,419158,leakfree_pykt_v4
assist2012,dkt,3,isotonic,0.001904,0.730049,0.180218,536087,419158,leakfree_pykt_v4
assist2012,dkt,3,temperature,0.002472,0.730108,0.180192,536087,419158,leakfree_pykt_v4
assist2012,dkt,4,none,0.010045,0.730273,0.180266,536087,423475,leakfree_pykt_v4
assist2012,dkt,4,platt,0.001205,0.730273,0.180158,536087,423475,leakfree_pykt_v4
assist2012,dkt,4,isotonic,0.002044,0.730242,0.180168,536087,423475,leakfree_pykt_v4
assist2012,dkt,4,temperature,0.003549,0.730273,0.180177,536087,423475,leakfree_pykt_v4
assist2012,sakt,0,none,0.007024,0.707337,0.18621,536087,439766,leakfree_pykt_v4
assist2012,sakt,0,platt,0.00332,0.707337,0.186078,536087,439766,leakfree_pykt_v4
assist2012,sakt,0,isotonic,0.001472,0.707291,0.186085,536087,439766,leakfree_pykt_v4
assist2012,sakt,0,temperature,0.007857,0.707337,0.186206,536087,439766,leakfree_pykt_v4
assist2012,sakt,1,none,0.012005,0.706859,0.186329,536087,432602,leakfree_pykt_v4
assist2012,sakt,1,platt,0.004428,0.706859,0.186141,536087,432602,leakfree_pykt_v4
assist2012,sakt,1,isotonic,0.003181,0.706736,0.186157,536087,432602,leakfree_pykt_v4
assist2012,sakt,1,temperature,0.005232,0.706859,0.186228,536087,432602,leakfree_pykt_v4
assist2012,sakt,2,none,0.009292,0.706678,0.186358,536087,424912,leakfree_pykt_v4
assist2012,sakt,2,platt,0.005449,0.706678,0.186234,536087,424912,leakfree_pykt_v4
assist2012,sakt,2,isotonic,0.003684,0.706581,0.186235,536087,424912,leakfree_pykt_v4
assist2012,sakt,2,temperature,0.006616,0.706678,0.186323,536087,424912,leakfree_pykt_v4
assist2012,sakt,3,none,0.007879,0.706494,0.186429,536087,419158,leakfree_pykt_v4
assist2012,sakt,3,platt,0.005703,0.706494,0.186311,536087,419158,leakfree_pykt_v4
assist2012,sakt,3,isotonic,0.003596,0.706444,0.186312,536087,419158,leakfree_pykt_v4
assist2012,sakt,3,temperature,0.007231,0.706494,0.186416,536087,419158,leakfree_pykt_v4
assist2012,sakt,4,none,0.025632,0.70786,0.186744,536087,423475,leakfree_pykt_v4
assist2012,sakt,4,platt,0.004082,0.70786,0.186038,536087,423475,leakfree_pykt_v4
assist2012,sakt,4,isotonic,0.001373,0.707791,0.186026,536087,423475,leakfree_pykt_v4
assist2012,sakt,4,temperature,0.005553,0.70786,0.186049,536087,423475,leakfree_pykt_v4
assist2012,simplekt,0,none,0.017436,0.769188,0.169463,536087,439766,leakfree_pykt_v4
assist2012,simplekt,0,platt,0.002962,0.769188,0.169019,536087,439766,leakfree_pykt_v4
assist2012,simplekt,0,isotonic,0.001783,0.769126,0.169033,536087,439766,leakfree_pykt_v4
assist2012,simplekt,0,temperature,0.01717,0.769188,0.169458,536087,439766,leakfree_pykt_v4
assist2012,simplekt,1,none,0.019075,0.770273,0.169345,536087,432602,leakfree_pykt_v4
assist2012,simplekt,1,platt,0.001595,0.770273,0.168777,536087,432602,leakfree_pykt_v4
assist2012,simplekt,1,isotonic,0.001499,0.770216,0.16879,536087,432602,leakfree_pykt_v4
assist2012,simplekt,1,temperature,0.018955,0.770273,0.169345,536087,432602,leakfree_pykt_v4
assist2012,simplekt,2,none,0.008255,0.771,0.168528,536087,424912,leakfree_pykt_v4
assist2012,simplekt,2,platt,0.005329,0.771,0.168479,536087,424912,leakfree_pykt_v4
assist2012,simplekt,2,isotonic,0.001947,0.770951,0.168469,536087,424912,leakfree_pykt_v4
assist2012,simplekt,2,temperature,0.005922,0.771,0.168507,536087,424912,leakfree_pykt_v4
assist2012,simplekt,3,none,0.015158,0.770207,0.16909,536087,419158,leakfree_pykt_v4
assist2012,simplekt,3,platt,0.003156,0.770207,0.168754,536087,419158,leakfree_pykt_v4
assist2012,simplekt,3,isotonic,0.002642,0.770158,0.168789,536087,419158,leakfree_pykt_v4
assist2012,simplekt,3,temperature,0.01494,0.770207,0.16909,536087,419158,leakfree_pykt_v4
assist2012,simplekt,4,none,0.015865,0.770697,0.168812,536087,423475,leakfree_pykt_v4
assist2012,simplekt,4,platt,0.005434,0.770697,0.168558,536087,423475,leakfree_pykt_v4
assist2012,simplekt,4,isotonic,0.001477,0.770623,0.168556,536087,423475,leakfree_pykt_v4
assist2012,simplekt,4,temperature,0.01103,0.770697,0.168706,536087,423475,leakfree_pykt_v4
assist2017,akt,0,none,0.015587,0.758263,0.188321,177767,153067,leakfree_pykt_v4
assist2017,akt,0,platt,0.004304,0.758263,0.187967,177767,153067,leakfree_pykt_v4
assist2017,akt,0,isotonic,0.003976,0.758198,0.188037,177767,153067,leakfree_pykt_v4
assist2017,akt,0,temperature,0.014491,0.758263,0.18822,177767,153067,leakfree_pykt_v4
assist2017,akt,1,none,0.015453,0.758171,0.188319,177767,141938,leakfree_pykt_v4
assist2017,akt,1,platt,0.005369,0.758171,0.188016,177767,141938,leakfree_pykt_v4
assist2017,akt,1,isotonic,0.004721,0.758095,0.188063,177767,141938,leakfree_pykt_v4
assist2017,akt,1,temperature,0.014058,0.758171,0.18824,177767,141938,leakfree_pykt_v4
assist2017,akt,2,none,0.017787,0.757625,0.18869,177767,145879,leakfree_pykt_v4
assist2017,akt,2,platt,0.005171,0.757625,0.188187,177767,145879,leakfree_pykt_v4
assist2017,akt,2,isotonic,0.0048,0.757523,0.18826,177767,145879,leakfree_pykt_v4
assist2017,akt,2,temperature,0.019724,0.757625,0.188642,177767,145879,leakfree_pykt_v4
assist2017,akt,3,none,0.017114,0.758611,0.188194,177767,168980,leakfree_pykt_v4
assist2017,akt,3,platt,0.003784,0.758611,0.187803,177767,168980,leakfree_pykt_v4
assist2017,akt,3,isotonic,0.005585,0.758481,0.187874,177767,168980,leakfree_pykt_v4
assist2017,akt,3,temperature,0.015742,0.758611,0.188113,177767,168980,leakfree_pykt_v4
assist2017,akt,4,none,0.021238,0.759508,0.188446,177767,149617,leakfree_pykt_v4
assist2017,akt,4,platt,0.006388,0.759508,0.18763,177767,149617,leakfree_pykt_v4
assist2017,akt,4,isotonic,0.005736,0.759399,0.187685,177767,149617,leakfree_pykt_v4
assist2017,akt,4,temperature,0.023599,0.759508,0.188225,177767,149617,leakfree_pykt_v4
assist2017,dkt,0,none,0.013516,0.716836,0.201318,177767,153067,leakfree_pykt_v4
assist2017,dkt,0,platt,0.004968,0.716836,0.201063,177767,153067,leakfree_pykt_v4
assist2017,dkt,0,isotonic,0.005629,0.716743,0.201131,177767,153067,leakfree_pykt_v4
assist2017,dkt,0,temperature,0.014521,0.716836,0.20131,177767,153067,leakfree_pykt_v4
assist2017,dkt,1,none,0.022204,0.716318,0.201977,177767,141938,leakfree_pykt_v4
assist2017,dkt,1,platt,0.004814,0.716318,0.201275,177767,141938,leakfree_pykt_v4
assist2017,dkt,1,isotonic,0.004972,0.716113,0.201372,177767,141938,leakfree_pykt_v4
assist2017,dkt,1,temperature,0.02497,0.716318,0.201973,177767,141938,leakfree_pykt_v4
assist2017,dkt,2,none,0.011071,0.713119,0.202184,177767,145879,leakfree_pykt_v4
assist2017,dkt,2,platt,0.005984,0.713119,0.202091,177767,145879,leakfree_pykt_v4
assist2017,dkt,2,isotonic,0.005027,0.712928,0.20216,177767,145879,leakfree_pykt_v4
assist2017,dkt,2,temperature,0.011334,0.713119,0.202188,177767,145879,leakfree_pykt_v4
assist2017,dkt,3,none,0.015397,0.716585,0.201484,177767,168980,leakfree_pykt_v4
assist2017,dkt,3,platt,0.004807,0.716585,0.201218,177767,168980,leakfree_pykt_v4
assist2017,dkt,3,isotonic,0.003432,0.716546,0.201271,177767,168980,leakfree_pykt_v4
assist2017,dkt,3,temperature,0.0155,0.716585,0.201485,177767,168980,leakfree_pykt_v4
assist2017,dkt,4,none,0.023158,0.713289,0.202745,177767,149617,leakfree_pykt_v4
assist2017,dkt,4,platt,0.004554,0.713289,0.202066,177767,149617,leakfree_pykt_v4
assist2017,dkt,4,isotonic,0.005667,0.713191,0.202107,177767,149617,leakfree_pykt_v4
assist2017,dkt,4,temperature,0.025488,0.713289,0.202778,177767,149617,leakfree_pykt_v4
assist2017,sakt,0,none,0.010698,0.653685,0.21583,177767,153067,leakfree_pykt_v4
assist2017,sakt,0,platt,0.005229,0.653685,0.215706,177767,153067,leakfree_pykt_v4
assist2017,sakt,0,isotonic,0.003756,0.653465,0.21574,177767,153067,leakfree_pykt_v4
assist2017,sakt,0,temperature,0.009846,0.653685,0.215809,177767,153067,leakfree_pykt_v4
assist2017,sakt,1,none,0.011084,0.653277,0.215953,177767,141938,leakfree_pykt_v4
assist2017,sakt,1,platt,0.005045,0.653277,0.215796,177767,141938,leakfree_pykt_v4
assist2017,sakt,1,isotonic,0.003148,0.653129,0.215836,177767,141938,leakfree_pykt_v4
assist2017,sakt,1,temperature,0.009482,0.653277,0.215874,177767,141938,leakfree_pykt_v4
assist2017,sakt,2,none,0.012609,0.653932,0.215958,177767,145879,leakfree_pykt_v4
assist2017,sakt,2,platt,0.004781,0.653932,0.215701,177767,145879,leakfree_pykt_v4
assist2017,sakt,2,isotonic,0.003834,0.653873,0.215738,177767,145879,leakfree_pykt_v4
assist2017,sakt,2,temperature,0.008311,0.653932,0.215772,177767,145879,leakfree_pykt_v4
assist2017,sakt,3,none,0.008528,0.652367,0.216161,177767,168980,leakfree_pykt_v4
assist2017,sakt,3,platt,0.006253,0.652367,0.216071,177767,168980,leakfree_pykt_v4
assist2017,sakt,3,isotonic,0.004098,0.652293,0.216084,177767,168980,leakfree_pykt_v4
assist2017,sakt,3,temperature,0.007393,0.652367,0.216076,177767,168980,leakfree_pykt_v4
assist2017,sakt,4,none,0.010413,0.651552,0.216333,177767,149617,leakfree_pykt_v4
assist2017,sakt,4,platt,0.004327,0.651552,0.216238,177767,149617,leakfree_pykt_v4
assist2017,sakt,4,isotonic,0.005569,0.651213,0.216325,177767,149617,leakfree_pykt_v4
assist2017,sakt,4,temperature,0.004438,0.651552,0.216235,177767,149617,leakfree_pykt_v4
assist2017,simplekt,0,none,0.028131,0.754975,0.189852,177767,153067,leakfree_pykt_v4
assist2017,simplekt,0,platt,0.003975,0.754975,0.188689,177767,153067,leakfree_pykt_v4
assist2017,simplekt,0,isotonic,0.003402,0.754902,0.188768,177767,153067,leakfree_pykt_v4
assist2017,simplekt,0,temperature,0.024124,0.754975,0.189429,177767,153067,leakfree_pykt_v4
assist2017,simplekt,1,none,0.020954,0.756516,0.188735,177767,141938,leakfree_pykt_v4
assist2017,simplekt,1,platt,0.007951,0.756516,0.188252,177767,141938,leakfree_pykt_v4
assist2017,simplekt,1,isotonic,0.003908,0.756457,0.188218,177767,141938,leakfree_pykt_v4
assist2017,simplekt,1,temperature,0.009208,0.756516,0.188291,177767,141938,leakfree_pykt_v4
assist2017,simplekt,2,none,0.019639,0.754668,0.189274,177767,145879,leakfree_pykt_v4
assist2017,simplekt,2,platt,0.008123,0.754668,0.188928,177767,145879,leakfree_pykt_v4
assist2017,simplekt,2,isotonic,0.006684,0.75451,0.188969,177767,145879,leakfree_pykt_v4
assist2017,simplekt,2,temperature,0.007059,0.754668,0.189003,177767,145879,leakfree_pykt_v4
assist2017,simplekt,3,none,0.016698,0.751014,0.190489,177767,168980,leakfree_pykt_v4
assist2017,simplekt,3,platt,0.006212,0.751014,0.190166,177767,168980,leakfree_pykt_v4
assist2017,simplekt,3,isotonic,0.003809,0.750935,0.190177,177767,168980,leakfree_pykt_v4
assist2017,simplekt,3,temperature,0.016472,0.751014,0.190468,177767,168980,leakfree_pykt_v4
assist2017,simplekt,4,none,0.030207,0.757588,0.188884,177767,149617,leakfree_pykt_v4
assist2017,simplekt,4,platt,0.010579,0.757588,0.187958,177767,149617,leakfree_pykt_v4
assist2017,simplekt,4,isotonic,0.002449,0.757468,0.187847,177767,149617,leakfree_pykt_v4
assist2017,simplekt,4,temperature,0.030271,0.757588,0.188948,177767,149617,leakfree_pykt_v4
bridge2algebra2006,akt,0,none,0.00618,0.806558,0.107511,352370,276786,leakfree_pykt_v4
bridge2algebra2006,akt,0,platt,0.002258,0.806558,0.107488,352370,276786,leakfree_pykt_v4
bridge2algebra2006,akt,0,isotonic,0.002171,0.806483,0.1075,352370,276786,leakfree_pykt_v4
bridge2algebra2006,akt,0,temperature,0.003255,0.806558,0.1075,352370,276786,leakfree_pykt_v4
bridge2algebra2006,akt,1,none,0.006584,0.806718,0.107502,352370,286535,leakfree_pykt_v4
bridge2algebra2006,akt,1,platt,0.002494,0.806718,0.107477,352370,286535,leakfree_pykt_v4
bridge2algebra2006,akt,1,isotonic,0.002281,0.806648,0.107509,352370,286535,leakfree_pykt_v4
bridge2algebra2006,akt,1,temperature,0.002652,0.806718,0.10748,352370,286535,leakfree_pykt_v4
bridge2algebra2006,akt,2,none,0.007338,0.807446,0.107317,352370,301562,leakfree_pykt_v4
bridge2algebra2006,akt,2,platt,0.003214,0.807446,0.107282,352370,301562,leakfree_pykt_v4
bridge2algebra2006,akt,2,isotonic,0.002659,0.80732,0.107294,352370,301562,leakfree_pykt_v4
bridge2algebra2006,akt,2,temperature,0.004268,0.807446,0.107303,352370,301562,leakfree_pykt_v4
bridge2algebra2006,akt,3,none,0.006347,0.805745,0.107702,352370,307842,leakfree_pykt_v4
bridge2algebra2006,akt,3,platt,0.004377,0.805745,0.107649,352370,307842,leakfree_pykt_v4
bridge2algebra2006,akt,3,isotonic,0.004053,0.805636,0.107671,352370,307842,leakfree_pykt_v4
bridge2algebra2006,akt,3,temperature,0.006654,0.805745,0.107724,352370,307842,leakfree_pykt_v4
bridge2algebra2006,akt,4,none,0.009065,0.805861,0.107894,352370,282684,leakfree_pykt_v4
bridge2algebra2006,akt,4,platt,0.002616,0.805861,0.107704,352370,282684,leakfree_pykt_v4
bridge2algebra2006,akt,4,isotonic,0.002307,0.805743,0.107723,352370,282684,leakfree_pykt_v4
bridge2algebra2006,akt,4,temperature,0.008341,0.805861,0.107907,352370,282684,leakfree_pykt_v4
bridge2algebra2006,dkt,0,none,0.006849,0.796296,0.108605,352370,276786,leakfree_pykt_v4
bridge2algebra2006,dkt,0,platt,0.002894,0.796296,0.108553,352370,276786,leakfree_pykt_v4
bridge2algebra2006,dkt,0,isotonic,0.003141,0.796181,0.108579,352370,276786,leakfree_pykt_v4
bridge2algebra2006,dkt,0,temperature,0.004144,0.796296,0.108581,352370,276786,leakfree_pykt_v4
bridge2algebra2006,dkt,1,none,0.006722,0.795673,0.108764,352370,286535,leakfree_pykt_v4
bridge2algebra2006,dkt,1,platt,0.001922,0.795673,0.10869,352370,286535,leakfree_pykt_v4
bridge2algebra2006,dkt,1,isotonic,0.003053,0.795581,0.108707,352370,286535,leakfree_pykt_v4
bridge2algebra2006,dkt,1,temperature,0.004753,0.795673,0.108747,352370,286535,leakfree_pykt_v4
bridge2algebra2006,dkt,2,none,0.004583,0.795251,0.108897,352370,301562,leakfree_pykt_v4
bridge2algebra2006,dkt,2,platt,0.003468,0.795251,0.108856,352370,301562,leakfree_pykt_v4
bridge2algebra2006,dkt,2,isotonic,0.003429,0.795151,0.108913,352370,301562,leakfree_pykt_v4
bridge2algebra2006,dkt,2,temperature,0.005555,0.795251,0.108905,352370,301562,leakfree_pykt_v4
bridge2algebra2006,dkt,3,none,0.006233,0.794322,0.109221,352370,307842,leakfree_pykt_v4
bridge2algebra2006,dkt,3,platt,0.004934,0.794322,0.109132,352370,307842,leakfree_pykt_v4
bridge2algebra2006,dkt,3,isotonic,0.004827,0.794274,0.109136,352370,307842,leakfree_pykt_v4
bridge2algebra2006,dkt,3,temperature,0.008454,0.794322,0.109245,352370,307842,leakfree_pykt_v4
bridge2algebra2006,dkt,4,none,0.005062,0.795801,0.108786,352370,282684,leakfree_pykt_v4
bridge2algebra2006,dkt,4,platt,0.002444,0.795801,0.108699,352370,282684,leakfree_pykt_v4
bridge2algebra2006,dkt,4,isotonic,0.002313,0.795701,0.108728,352370,282684,leakfree_pykt_v4
bridge2algebra2006,dkt,4,temperature,0.006158,0.795801,0.108794,352370,282684,leakfree_pykt_v4
bridge2algebra2006,sakt,0,none,0.014443,0.761631,0.11551,352370,276786,leakfree_pykt_v4
bridge2algebra2006,sakt,0,platt,0.002502,0.761631,0.115139,352370,276786,leakfree_pykt_v4
bridge2algebra2006,sakt,0,isotonic,0.001969,0.761479,0.115157,352370,276786,leakfree_pykt_v4
bridge2algebra2006,sakt,0,temperature,0.010407,0.761631,0.115443,352370,276786,leakfree_pykt_v4
bridge2algebra2006,sakt,1,none,0.012313,0.761884,0.115236,352370,286535,leakfree_pykt_v4
bridge2algebra2006,sakt,1,platt,0.002562,0.761884,0.114994,352370,286535,leakfree_pykt_v4
bridge2algebra2006,sakt,1,isotonic,0.002237,0.761778,0.115016,352370,286535,leakfree_pykt_v4
bridge2algebra2006,sakt,1,temperature,0.00877,0.761884,0.115211,352370,286535,leakfree_pykt_v4
bridge2algebra2006,sakt,2,none,0.013859,0.760943,0.1155,352370,301562,leakfree_pykt_v4
bridge2algebra2006,sakt,2,platt,0.00267,0.760943,0.11511,352370,301562,leakfree_pykt_v4
bridge2algebra2006,sakt,2,isotonic,0.00349,0.760766,0.115153,352370,301562,leakfree_pykt_v4
bridge2algebra2006,sakt,2,temperature,0.012802,0.760943,0.115519,352370,301562,leakfree_pykt_v4
bridge2algebra2006,sakt,3,none,0.011775,0.760997,0.115451,352370,307842,leakfree_pykt_v4
bridge2algebra2006,sakt,3,platt,0.004206,0.760997,0.115247,352370,307842,leakfree_pykt_v4
bridge2algebra2006,sakt,3,isotonic,0.00436,0.760835,0.115282,352370,307842,leakfree_pykt_v4
bridge2algebra2006,sakt,3,temperature,0.008183,0.760997,0.115413,352370,307842,leakfree_pykt_v4
bridge2algebra2006,sakt,4,none,0.018237,0.760181,0.115578,352370,282684,leakfree_pykt_v4
bridge2algebra2006,sakt,4,platt,0.002986,0.760181,0.115105,352370,282684,leakfree_pykt_v4
bridge2algebra2006,sakt,4,isotonic,0.003071,0.76006,0.115109,352370,282684,leakfree_pykt_v4
bridge2algebra2006,sakt,4,temperature,0.012703,0.760181,0.115481,352370,282684,leakfree_pykt_v4
bridge2algebra2006,simplekt,0,none,0.006866,0.807972,0.107056,352370,276786,leakfree_pykt_v4
bridge2algebra2006,simplekt,0,platt,0.004252,0.807972,0.106993,352370,276786,leakfree_pykt_v4
bridge2algebra2006,simplekt,0,isotonic,0.001953,0.807884,0.106987,352370,276786,leakfree_pykt_v4
bridge2algebra2006,simplekt,0,temperature,0.006827,0.807972,0.107046,352370,276786,leakfree_pykt_v4
bridge2algebra2006,simplekt,1,none,0.012629,0.80588,0.106668,352370,286535,leakfree_pykt_v4
bridge2algebra2006,simplekt,1,platt,0.008438,0.80588,0.106624,352370,286535,leakfree_pykt_v4
bridge2algebra2006,simplekt,1,isotonic,0.002914,0.805753,0.106533,352370,286535,leakfree_pykt_v4
bridge2algebra2006,simplekt,1,temperature,0.008759,0.80588,0.106629,352370,286535,leakfree_pykt_v4
bridge2algebra2006,simplekt,2,none,0.019059,0.806689,0.107102,352370,301562,leakfree_pykt_v4
bridge2algebra2006,simplekt,2,platt,0.008386,0.806689,0.106632,352370,301562,leakfree_pykt_v4
bridge2algebra2006,simplekt,2,isotonic,0.002595,0.806564,0.106532,352370,301562,leakfree_pykt_v4
bridge2algebra2006,simplekt,2,temperature,0.0194,0.806689,0.107212,352370,301562,leakfree_pykt_v4
bridge2algebra2006,simplekt,3,none,0.029788,0.804603,0.108883,352370,307842,leakfree_pykt_v4
bridge2algebra2006,simplekt,3,platt,0.006501,0.804603,0.107626,352370,307842,leakfree_pykt_v4
bridge2algebra2006,simplekt,3,isotonic,0.004788,0.804493,0.107546,352370,307842,leakfree_pykt_v4
bridge2algebra2006,simplekt,3,temperature,0.01613,0.804603,0.108269,352370,307842,leakfree_pykt_v4
bridge2algebra2006,simplekt,4,none,0.027689,0.804643,0.108367,352370,282684,leakfree_pykt_v4
bridge2algebra2006,simplekt,4,platt,0.003355,0.804643,0.107428,352370,282684,leakfree_pykt_v4
bridge2algebra2006,simplekt,4,isotonic,0.003143,0.80447,0.107445,352370,282684,leakfree_pykt_v4
bridge2algebra2006,simplekt,4,temperature,0.011285,0.804643,0.107674,352370,282684,leakfree_pykt_v4
ednet,akt,0,none,0.094249,0.607061,0.234441,132209,77883,leakfree_pykt_v4
ednet,akt,0,platt,0.006936,0.607061,0.217815,132209,77883,leakfree_pykt_v4
ednet,akt,0,isotonic,0.007368,0.607678,0.217029,132209,77883,leakfree_pykt_v4
ednet,akt,0,temperature,0.065005,0.607061,0.223829,132209,77883,leakfree_pykt_v4
ednet,akt,1,none,0.091104,0.611994,0.232915,132209,110391,leakfree_pykt_v4
ednet,akt,1,platt,0.026994,0.611994,0.217708,132209,110391,leakfree_pykt_v4
ednet,akt,1,isotonic,0.025428,0.612695,0.216928,132209,110391,leakfree_pykt_v4
ednet,akt,1,temperature,0.073335,0.611994,0.223189,132209,110391,leakfree_pykt_v4
ednet,akt,2,none,0.09211,0.60705,0.234133,132209,85108,leakfree_pykt_v4
ednet,akt,2,platt,0.006863,0.60705,0.217753,132209,85108,leakfree_pykt_v4
ednet,akt,2,isotonic,0.009197,0.607784,0.217074,132209,85108,leakfree_pykt_v4
ednet,akt,2,temperature,0.061223,0.60705,0.223659,132209,85108,leakfree_pykt_v4
ednet,akt,3,none,0.093252,0.610831,0.233949,132209,90433,leakfree_pykt_v4
ednet,akt,3,platt,0.021272,0.610831,0.217772,132209,90433,leakfree_pykt_v4
ednet,akt,3,isotonic,0.019504,0.611778,0.21704,132209,90433,leakfree_pykt_v4
ednet,akt,3,temperature,0.068562,0.610831,0.223451,132209,90433,leakfree_pykt_v4
ednet,akt,4,none,0.094307,0.611598,0.234756,132209,92249,leakfree_pykt_v4
ednet,akt,4,platt,0.006874,0.611598,0.217216,132209,92249,leakfree_pykt_v4
ednet,akt,4,isotonic,0.00433,0.612693,0.216247,132209,92249,leakfree_pykt_v4
ednet,akt,4,temperature,0.068233,0.611598,0.223753,132209,92249,leakfree_pykt_v4
ednet,dkt,0,none,0.088663,0.606431,0.230781,132209,77883,leakfree_pykt_v4
ednet,dkt,0,platt,0.007944,0.606431,0.217394,132209,77883,leakfree_pykt_v4
ednet,dkt,0,isotonic,0.008534,0.607584,0.216724,132209,77883,leakfree_pykt_v4
ednet,dkt,0,temperature,0.063905,0.606431,0.223431,132209,77883,leakfree_pykt_v4
ednet,dkt,1,none,0.091575,0.606841,0.231402,132209,110391,leakfree_pykt_v4
ednet,dkt,1,platt,0.029181,0.606841,0.218276,132209,110391,leakfree_pykt_v4
ednet,dkt,1,isotonic,0.028359,0.608896,0.217283,132209,110391,leakfree_pykt_v4
ednet,dkt,1,temperature,0.070797,0.606841,0.223321,132209,110391,leakfree_pykt_v4
ednet,dkt,2,none,0.087449,0.606587,0.230173,132209,85108,leakfree_pykt_v4
ednet,dkt,2,platt,0.013514,0.606587,0.217413,132209,85108,leakfree_pykt_v4
ednet,dkt,2,isotonic,0.008694,0.607329,0.216834,132209,85108,leakfree_pykt_v4
ednet,dkt,2,temperature,0.057186,0.606587,0.22299,132209,85108,leakfree_pykt_v4
ednet,dkt,3,none,0.088833,0.606335,0.229884,132209,90433,leakfree_pykt_v4
ednet,dkt,3,platt,0.021729,0.606335,0.217844,132209,90433,leakfree_pykt_v4
ednet,dkt,3,isotonic,0.020584,0.606548,0.217282,132209,90433,leakfree_pykt_v4
ednet,dkt,3,temperature,0.061245,0.606335,0.222494,132209,90433,leakfree_pykt_v4
ednet,dkt,4,none,0.090477,0.604237,0.232255,132209,92249,leakfree_pykt_v4
ednet,dkt,4,platt,0.013848,0.604237,0.217915,132209,92249,leakfree_pykt_v4
ednet,dkt,4,isotonic,0.005969,0.606288,0.216902,132209,92249,leakfree_pykt_v4
ednet,dkt,4,temperature,0.062359,0.604237,0.223807,132209,92249,leakfree_pykt_v4
ednet,sakt,0,none,0.118499,0.604672,0.23863,132209,77883,leakfree_pykt_v4
ednet,sakt,0,platt,0.009806,0.604672,0.21775,132209,77883,leakfree_pykt_v4
ednet,sakt,0,isotonic,0.007619,0.604726,0.217108,132209,77883,leakfree_pykt_v4
ednet,sakt,0,temperature,0.060731,0.604672,0.222736,132209,77883,leakfree_pykt_v4
ednet,sakt,1,none,0.139664,0.602954,0.246219,132209,110391,leakfree_pykt_v4
ednet,sakt,1,platt,0.028635,0.602954,0.218493,132209,110391,leakfree_pykt_v4
ednet,sakt,1,isotonic,0.027297,0.603061,0.218068,132209,110391,leakfree_pykt_v4
ednet,sakt,1,temperature,0.089379,0.602954,0.22654,132209,110391,leakfree_pykt_v4
ednet,sakt,2,none,0.116807,0.606902,0.238306,132209,85108,leakfree_pykt_v4
ednet,sakt,2,platt,0.002737,0.606902,0.217263,132209,85108,leakfree_pykt_v4
ednet,sakt,2,isotonic,0.006226,0.60703,0.217013,132209,85108,leakfree_pykt_v4
ednet,sakt,2,temperature,0.05944,0.606902,0.222577,132209,85108,leakfree_pykt_v4
ednet,sakt,3,none,0.112437,0.606988,0.237574,132209,90433,leakfree_pykt_v4
ednet,sakt,3,platt,0.022025,0.606988,0.217744,132209,90433,leakfree_pykt_v4
ednet,sakt,3,isotonic,0.020086,0.607314,0.217249,132209,90433,leakfree_pykt_v4
ednet,sakt,3,temperature,0.066902,0.606988,0.222979,132209,90433,leakfree_pykt_v4
ednet,sakt,4,none,0.114604,0.605876,0.23951,132209,92249,leakfree_pykt_v4
ednet,sakt,4,platt,0.006222,0.605876,0.217394,132209,92249,leakfree_pykt_v4
ednet,sakt,4,isotonic,0.004804,0.606302,0.216576,132209,92249,leakfree_pykt_v4
ednet,sakt,4,temperature,0.07117,0.605876,0.224412,132209,92249,leakfree_pykt_v4
ednet,simplekt,0,none,0.147567,0.658462,0.237773,132209,77883,leakfree_pykt_v4
ednet,simplekt,0,platt,0.016728,0.658462,0.209037,132209,77883,leakfree_pykt_v4
ednet,simplekt,0,isotonic,0.007509,0.658574,0.208312,132209,77883,leakfree_pykt_v4
ednet,simplekt,0,temperature,0.054717,0.658462,0.213098,132209,77883,leakfree_pykt_v4
ednet,simplekt,1,none,0.131505,0.659407,0.232739,132209,110391,leakfree_pykt_v4
ednet,simplekt,1,platt,0.027212,0.659407,0.209374,132209,110391,leakfree_pykt_v4
ednet,simplekt,1,isotonic,0.024289,0.660078,0.208279,132209,110391,leakfree_pykt_v4
ednet,simplekt,1,temperature,0.064405,0.659407,0.213304,132209,110391,leakfree_pykt_v4
ednet,simplekt,2,none,0.146602,0.657867,0.237687,132209,85108,leakfree_pykt_v4
ednet,simplekt,2,platt,0.015227,0.657867,0.20911,132209,85108,leakfree_pykt_v4
ednet,simplekt,2,isotonic,0.005364,0.658349,0.208179,132209,85108,leakfree_pykt_v4
ednet,simplekt,2,temperature,0.053176,0.657867,0.212845,132209,85108,leakfree_pykt_v4
ednet,simplekt,3,none,0.144161,0.65679,0.237052,132209,90433,leakfree_pykt_v4
ednet,simplekt,3,platt,0.022343,0.65679,0.209597,132209,90433,leakfree_pykt_v4
ednet,simplekt,3,isotonic,0.019226,0.657679,0.20876,132209,90433,leakfree_pykt_v4
ednet,simplekt,3,temperature,0.061394,0.65679,0.213531,132209,90433,leakfree_pykt_v4
ednet,simplekt,4,none,0.143703,0.653691,0.238855,132209,92249,leakfree_pykt_v4
ednet,simplekt,4,platt,0.028101,0.653691,0.210264,132209,92249,leakfree_pykt_v4
ednet,simplekt,4,isotonic,0.004199,0.655073,0.208745,132209,92249,leakfree_pykt_v4
ednet,simplekt,4,temperature,0.07878,0.653691,0.217786,132209,92249,leakfree_pykt_v4
